building_id,mean_temp,std_temp,pct_above_18,pct_below_15
10000,14.013401069780956,6.367478050831664,30.948247802972766,55.524212505876825
10009,11.001433275318982,5.810921940454123,16.675042717861093,74.96607699266258
10014,14.745665660655884,7.036876310685477,38.26672909753466,52.80531748132164
10019,14.73799138807593,7.028915297642713,38.15525783054089,52.92011271502833
10029,10.618086522806788,6.315794226772759,18.25563221896085,74.51301795448481
10031,12.510292738001125,6.277814063639791,24.057979553958106,66.38040243938367
10051,13.290554906120223,5.9990014300807,25.97693550756574,62.84890553841633
10053,11.368276221354797,6.260725837432246,19.9510754583921,72.40611777150917
10056,14.2215432562649,6.179405071752433,31.770664359612127,57.05454021123968
10064,12.71740304042656,6.9642294271937635,28.796234159056205,62.7559108725041
10075,15.159607674533415,6.440865610779122,39.14958925889939,47.43838883490858
10079,15.096428092842727,7.3133079441820605,41.90775782800174,49.43715820548807
10080,15.77955490012903,7.279988278835493,46.373602688324794,44.701237373984775
10082,16.468418150823453,6.7121878760002565,48.65772130292542,40.549049357545876
10083,15.64035566819671,7.120751781991231,44.858502528605314,45.883370877030714
10084,15.100773173004564,7.150497733920365,40.90648998644782,50.266526125583496
10085,15.868880488529006,7.192784710337802,46.18303917834116,44.72566696293788
10086,14.392082362372452,7.21545424563626,37.258579023682934,53.01304978250363
10087,15.075218564267134,7.274595304616415,41.53898184072825,49.88397982094376
10089,13.991328983645653,7.275573418790455,35.46334036295547,56.35834050480882
10090,14.292280692067624,6.61986711504749,36.6682123811732,51.18942731277533
10093,14.09730884551724,6.566773499415999,33.388218471737765,56.44322637953073
10094,14.195376255378845,6.761009030507574,35.38006895419471,54.922563344825704
10097,14.35450367645317,6.862907000656044,37.80436059795026,51.305568248580194
10117,15.467788629340308,6.682551785298164,44.13410625109789,44.460337775101
10119,14.089512168130575,6.751786871236574,35.08520585130448,54.69511888604032
10120,15.282517586582106,8.031747072681721,46.168775716171105,47.71627461636002
10124,13.866499115527837,7.03229351042471,34.5643361911253,56.065932489148764
10126,13.396687664609411,6.63659296712813,29.662901517825624,61.08718672785034
10128,17.428850326803744,6.706515639353551,56.04351758259297,34.869926052029584
10136,15.42389536784621,7.273084720506969,44.312732953028764,46.89016975293384
10144,12.108979126211715,6.127190135480821,21.81176884068886,68.8996836873023
10145,10.652196059580294,5.89235461637497,16.56859953813546,75.28392015437663
10150,14.960442289965089,7.495353693798922,41.1976336628155,50.739016746100916
10161,13.449952601374447,7.03007788880049,31.814864474957144,59.464688810061276
10165,13.053434191725948,6.732495868802284,29.06502057613169,62.05925925925926
10167,13.232791638017671,6.814235054901912,30.19433981132704,60.8520284009467
10168,13.193576648920496,6.900564060885564,30.325593764023466,60.48332142204198
10174,16.578337728255132,6.972415327239517,49.41582005439761,41.36245726152104
10176,16.65337424392532,6.856386404013334,49.77466826160737,40.72453890449829
10177,16.61891173963268,6.787246775996412,49.091724451821904,40.96811330352601
10180,16.486562448662994,6.868485045215013,48.19289168611308,42.136247896346994
10182,16.73593597839523,6.319730273669182,50.87440194206793,37.526220273869285
10198,14.428541757606702,7.342103300214065,38.62776233955273,53.21688500727802
10199,17.241952543341583,6.977086826351299,53.89289331029964,37.67134621367063
10200,12.822563761677639,7.258954063588402,30.670315186629825,61.66377862672028
10201,15.949805551762571,7.272106990996284,47.056216392374125,44.64852533811308
10202,13.546392138397339,7.495527975474804,34.0404662968633,58.642331219224474
10203,16.804612300181795,6.612358752420572,51.22205405979502,38.8860124263183
10204,14.765744039915035,7.063837998170045,39.03816509860203,51.728857704778605
10205,11.446219308906194,6.6666751418898516,23.171405828505726,69.3892893468359
10206,10.12448185951396,6.3624763446888135,17.548486163501018,76.31939112728244
10207,11.383853701699584,6.614553349726988,22.64692568425469,69.82323650536031
10208,9.480599372755854,5.542132397962326,11.941795280644223,82.33199955875126
1021,16.749321335256813,6.379702910779845,48.79452555798308,39.59249670359284
10215,15.468147638507219,7.149369965417604,44.25560001650097,46.594612433480464
10219,14.157172402409193,7.302527529471039,37.30760536752769,54.16640979799848
1022,17.77341302234063,6.221245218920291,57.55894333460143,31.848422146548767
1023,18.976540255177024,5.845126090515894,65.2164504201048,25.11690486719419
1024,18.293115123674692,5.931122229670029,60.507286787121714,28.942672317644437
10243,16.610803703176675,6.20261043727504,48.99469197362072,38.13005395762353
10244,15.57116441628923,6.621393606734458,44.11107136469325,43.50742264353425
10245,16.655920740018825,6.211552005457752,49.204571893904145,37.8926244765007
10247,15.606580080893869,6.619084302488538,44.63579346338382,43.1182035585904
10249,16.123627118812955,6.2324092922925285,46.0018862204857,40.442588163966455
1025,17.524023498696632,6.3330088259162585,56.016945207392574,33.87365578883665
10251,12.176158999964661,7.589555424252271,29.171162984419073,65.16536983396755
10252,11.994557183543945,7.6138466954155675,27.494736050533913,67.02887652278538
10255,11.926261740655,7.226129373179712,25.800634403928495,67.96815033338574
10257,15.237642440135641,7.292872341249323,40.742832135748266,51.24299448028573
10259,12.64387228259264,7.628654958436671,30.44855506995968,63.863197479418645
1026,18.54711157192671,5.714112985126049,61.958426547352715,26.82419835943326
10260,13.664728913167444,7.209813375252915,33.65310135255914,58.157489296141506
10262,14.715463416096698,7.445354867471018,39.05535889381928,53.17428661647637
10263,16.740035347563772,7.0740282135095125,49.40513409108429,41.788794764837384
10265,15.085643290891692,7.165978739070671,40.7953672046858,50.56054703029339
10267,16.265598948923326,7.476114852894243,48.969484927254136,43.157207445825584
10268,16.937323874951066,6.977776896701161,51.36135672924197,39.7426116537639
10269,18.602258902839445,6.788912366093378,61.874750588267666,30.431671505827634
1027,14.657828465613967,6.668657800757369,35.63397537943508,52.63500054175244
10276,13.209469028126929,6.971289902906598,30.491068043202723,61.72637554301315
10277,13.53873871748746,7.044422772458454,32.54513728143585,59.472003608608425
10279,13.927677266813433,7.008308599800144,36.15088048348442,54.98489111180578
10281,13.021018903477472,6.874080166202054,31.28020833333333,60.016666666666666
10282,14.26627535405916,6.788830501019298,37.71750078143993,51.44653214322926
10285,13.981295289368404,7.039999357670037,35.42172917767212,56.583905617186126
10288,14.541875605262145,6.820836657587786,36.326568192878845,53.65593802201849
10291,12.223959838322116,6.737601012192697,25.169879029924175,66.23256352375991
10292,11.180206068705914,6.445237070123424,20.076853630871085,72.58501354198013
10303,17.62713703075689,6.580779046878835,55.60882227821591,34.54301515101934
10306,14.260022229668872,7.368214525179588,37.096631336541584,55.58147087478964
1031,12.154019671710945,6.847732302843409,25.77431875792142,66.4448669201521
10311,16.35378164925842,6.581459155470325,48.20308988099463,40.988241417654436
10312,16.43306377896046,6.453757712742771,47.64401017521337,41.26191664883627
10315,16.71883513006164,6.396420652397823,49.802387427821174,39.02010959124342
10316,15.967016553006902,6.602907545208569,44.972631114170134,43.59477166622297
10318,17.498001818806852,6.316171273876756,56.732005480029514,32.06871113921383
10323,14.297253290748301,7.365650915852743,38.08125541542313,53.32145951670357
10324,16.41019446425401,7.020700390468574,49.33384088313666,41.419236137545994
10330,14.981629664932193,7.182088889739759,40.825848417149196,49.59497864709191
10334,15.037655311592768,7.193455895323593,41.31559380487573,48.97565297179288
10337,13.955284332245729,6.839855363584497,33.94219584803738,56.995840151410604
10340,13.43402267034907,7.499922017690143,32.83324760435122,60.38273227791431
10349,13.648116273418614,7.363259492261708,34.242198573041534,58.29389578879093
10350,16.619020528065338,7.269717701352312,50.72620241124907,40.63777280789697
10354,12.319393292105335,6.728500309169966,25.99813862540306,65.03906066389027
10356,12.461693884766232,6.905331734417227,26.989328176479017,64.91279902592751
10357,11.873319094498907,6.855545963048472,23.801507653887064,69.14211719002914
10363,15.906767280946823,6.928815553075933,45.722556300291195,44.57759705015766
10366,15.78904902925934,6.834870358850973,43.87465205039171,45.452023607962424
10370,15.606382400613702,7.676574690885042,46.57764975833618,46.1431430942733
10371,12.756636368331566,6.917021140545516,27.56546894031669,63.78019691433211
10372,15.67302142619156,7.172938409651353,44.87444568381533,46.93663791930789
10376,14.45087215100094,6.557890761160102,35.342385162019475,52.71167809756777
10382,16.922763730868727,6.335331587670137,51.11894562593983,36.837383272047205
10386,15.166914154407038,6.704747249661781,39.43406059410961,49.42603208586278
10388,16.38267166639088,6.662255498919135,48.48954931417374,40.78566763086685
10394,14.59461329622025,7.0050338492502355,37.90435362235496,52.37939642665761
10396,15.396632448564317,6.995793460330036,42.49165870854408,47.599004939930914
10401,17.078594793488776,6.7567037479390235,50.745682337921075,39.62287975083127
10405,17.724748352268183,7.103437413798332,57.47452091449258,34.89060716955888
10417,16.04345705372537,6.708841766272309,45.710297433694834,43.34442893446437
10422,15.15607232897948,7.1478664894969475,42.47277891746884,48.32136657724475
10430,14.110997638980727,6.914616066833218,35.360455002980586,55.51114542309609
10437,13.820939651080879,7.791063188124074,37.7450226766085,55.78637866092705
10447,17.151288877801903,6.410416619763726,52.65282583621684,35.8095444059977
10455,15.191325535010026,7.050615298097774,41.82743228930247,48.76872446663641
10456,14.45455799334233,6.628293836183869,36.50351179251729,52.245087589844495
10464,15.158929852234179,6.472287887526427,39.01451633708066,48.81279580881696
10477,11.999422754906782,7.144462187122966,26.37295958460574,66.94551929255653
10478,12.377915550394393,7.2148283660920285,28.43271404100911,65.02873475841517
10483,11.751600062188697,6.865267861288295,23.718950078106094,69.94455567534268
10490,14.562018045352996,7.0917511017631725,38.34056761268781,52.97161936560934
10491,17.111016651297447,6.933667276157067,52.198381990854735,39.04006651104787
10493,16.343466727632165,7.001800890311825,47.97093274048512,43.01688953777748
10495,15.859313198297887,6.944855191730694,44.20859706327388,46.39302687381455
10498,15.246877989153027,6.903386309827322,40.62013379342992,49.740261358115426
10504,16.535864419081005,7.044548742266559,49.49616095947991,41.666760073978594
10507,15.395347685732027,6.956040459452421,41.35231060696899,49.15345691743207
10515,11.173891132184268,6.411769550864617,20.76053442959918,71.11045857191797
10522,13.63979723186271,6.789163886404195,33.12067821284066,56.140951810066156
10524,14.491369545133349,6.388742681039102,35.6752603722042,52.322007853850096
10532,13.536773609964934,6.6094002444764035,30.08596736110205,60.304994977627615
10535,14.961122264088011,6.755990229728483,39.832579738482224,50.05193694244164
10538,16.136057686588096,6.573737878503781,46.51027820421612,42.86142209907515
10541,13.52630043167335,6.618948172340316,30.04399896473024,60.227994635420345
10580,15.129205609389581,7.211660617161551,42.12646086511151,49.35861619406807
10584,13.238989860279988,6.559667476451787,28.496735392976262,61.20590848797826
10587,14.956688342627967,6.713378861661256,40.282711325802886,48.066404288153706
10588,9.076515013659119,5.951498698678618,13.72955945708065,81.29244452679853
10589,13.409770379681307,6.4493087471143244,28.649330487094897,61.45546283718223
10593,13.411981948478665,6.58746255869107,29.58732212160414,60.03104786545925
10594,11.580443013961949,6.462442081882647,21.65096130613372,70.36519277898589
10604,14.231335703915173,7.058183932559716,36.28317737336625,53.25219587806418
10605,14.456134069687588,6.625272715545473,36.37567220811837,52.64379111729861
10608,15.184499828939677,6.703476924667518,40.47553381428634,48.478030511968186
10609,14.409378614237541,6.656912392479662,36.34028407373829,52.79128547487568
10611,12.36348860328933,6.776009563733926,26.12592231658082,66.43115689823193
10612,15.471153033578695,6.442271367324596,40.862532519130504,46.90700889309778
10614,15.506131689418744,6.958433307002705,44.03291806856415,46.23715558788761
10618,15.14889930403577,6.853466265585326,39.463476481590746,49.65039354263692
10628,12.162123375041395,6.666513494734611,24.75141184215085,65.73640993659703
10633,17.07918718926224,7.045156642957871,53.49071331650593,37.553801485285746
10634,18.364394475347325,6.233732547482252,61.22995008319467,28.69617304492513
10637,16.506998747427218,7.140365107690354,50.61465504853228,40.66782499640744
10649,13.888391057459605,7.151196013347542,34.74121287456031,56.81547697759911
10650,14.890383838561581,7.149993837256575,40.0467009140036,50.710521048769095
10651,14.978712258577087,6.354657587631756,38.19826965730989,50.04333201133977
10653,13.932980229317133,7.148581714321572,35.40740321164576,55.981477810190036
10655,14.714983624928927,7.235850691717215,41.10880712864628,51.00456748956203
10678,13.677088987450551,6.897710710340824,34.08924743175087,56.61424836115345
10682,10.162523647908975,6.039647232827145,15.951904862134286,77.50868238265627
10691,14.800783591806539,6.692514802344809,37.97432359848764,50.215374245663554
10692,13.647762180922744,6.9257156083516564,32.285525783727415,59.55796284078575
10696,11.381043430576424,6.9402790521864866,22.12242790607622,71.95086534221085
10700,13.048900010520276,6.940639091101201,29.60890928329719,62.037066138647056
10701,17.362130274279,6.333691725563003,53.38651358705781,34.772803518842956
10702,16.869193611443034,6.711668982677775,50.724719951559194,38.93619436875568
10705,15.927710880915857,7.042240008827334,47.39978437714398,43.7165539547192
10706,16.279873664777266,6.383483694238484,47.03412176019063,40.27031777964413
10707,16.01527812904884,6.656509089261923,46.362456522867674,41.97165550537299
10708,14.388822343473516,6.91855964230967,37.041621252147564,52.714710609447444
10709,16.09734510441081,7.066575049821579,47.55025467200783,43.19998549910275
10712,14.698296690847906,6.568399549388588,37.54205642030539,51.411431951787634
10714,14.427152503600988,6.825873555504012,37.05998779156878,52.3704703945543
10715,12.635058410142397,6.988985745213139,29.375509192022953,62.530551521377205
10721,13.746807145112456,7.085407804567434,34.23077893568166,56.718225631450125
10722,14.672546571274735,7.011695241274618,38.21013098836677,51.98406155537235
10724,14.312849033961797,6.859343203662373,36.72264295906047,53.28064976402152
10726,13.660966046501526,7.067841583255256,32.278474804053324,58.73593549209837
10733,14.448772062713834,7.24490960029232,37.93460019324982,53.696326558288554
10737,14.077796839887585,6.932619384989128,34.347804588607595,56.93977452531646
10739,13.267394239335454,6.741953515408753,30.01948484796691,60.7645239031227
10742,16.437837786721747,6.646792480001735,47.096132844221664,42.47570776511439
10765,15.06162538212812,6.941392063048496,40.537078036767085,50.334585437448695
10769,16.28560406702918,7.232702002949796,47.99666957740186,43.656966472392014
10772,13.977165818469407,7.210092197167921,35.25139728397592,55.92095527552961
10773,16.236326481436084,7.254224062540094,48.038404905500535,43.784416160719694
10776,13.403189030187091,6.906398896926251,31.272425852750146,58.91470227551437
10782,16.91804932528992,7.200344158330788,52.343164082294514,39.94527211918516
10786,17.22428328732942,6.878990548421722,53.382698532346026,37.59943244801135
10790,15.477663845663004,7.249587418087711,42.77070955299095,48.73083024854574
10791,15.18120424898255,7.095584997197357,39.98923573735199,51.22948062432723
10793,14.166314972811344,6.643007308956939,34.513879694602586,55.64014298954058
10794,15.240771121207542,7.0667749502449455,40.1757281715267,50.899481485186485
10797,14.570024575046913,6.8926727439494035,37.30076879804988,53.85102193887118
10798,16.268207802225533,6.977155155103091,46.50646795328003,44.082555364842804
10799,14.313979936385039,7.178994494324308,35.643988724221494,56.17612634147145
108,16.914715003792075,6.737351650996883,50.96588717876801,39.11346398812654
10801,14.176624428361253,6.537487080625892,33.86742067232171,55.58323235043311
10803,17.7135246036369,6.743840185600867,56.248215173405825,34.29934318381334
10806,15.883182209033386,6.458345082303238,44.08561772437101,43.77914794132254
10821,18.948205067791655,6.229003504578325,64.83368672763108,26.17577552145119
10822,18.26021370792332,6.748938428485597,61.438502144803465,30.992185181521414
10823,18.5768978729702,6.690511748257292,61.87956332490874,30.36629458017411
10830,15.89430964765972,7.447503179991991,46.776767863443155,45.411703432402014
10834,12.847783303795213,6.7273260853702075,27.37335231708997,64.27685665732788
10836,17.504934429011644,7.386103818441817,55.17943235436219,37.69261608363573
10841,15.93060408993868,7.4226667499568775,46.82486663374868,45.35807991325142
10845,15.93914735312508,7.436694922640417,46.95994139646065,45.192196476076646
10849,12.91419130188209,6.914217989368485,28.958913551728315,63.169366331653606
10851,17.56691393209661,7.424308796674524,55.7126638455981,37.36402105480442
10853,12.521227604634193,7.140449446832432,28.36408895472032,64.68452344216091
10855,17.582130712531466,7.390297713927753,55.750120487457835,37.16636449177243
10865,13.00013297557255,7.024693446687263,30.363708584989258,61.764256541356445
10867,16.9678809037018,7.532995551027906,51.19695810646627,41.38392656257031
10869,12.806522230510863,7.114611379596453,29.61864277195021,62.957073101114204
10871,17.017141789281435,7.512383209036691,51.52394608546028,40.96702036134213
10874,17.575476825452746,7.11714398723794,55.641764575482156,36.45015887090815
10882,15.993185279171225,7.230439214071946,46.28923270332434,45.792082744039206
10884,17.83266190367558,6.931721531056037,57.62203825292607,34.23818545143124
10889,17.178233709475187,7.098919812833094,54.526239307771064,36.809890242962666
10890,16.733582861060306,7.160174840833193,51.19153096452904,40.3470715835141
10893,16.392633668415822,7.085799326709297,48.94006659267481,42.70902700702923
10895,16.026880208149937,5.945274093585227,41.820592538405265,43.788405267008045
10896,13.12765111328149,7.078634184262064,30.40604433013087,61.50711097662456
10905,17.508348192894356,7.073506671861007,55.79096881103155,36.21352902882168
10927,12.102725897982873,7.4978553358361735,28.35475428903751,65.04448967723175
10929,11.825273545355797,7.199347095218635,25.22422967985581,68.13685520556176
10930,18.13904276331445,7.191243062679882,59.707732195357956,33.341603503243974
10931,13.91810396575032,7.155140365328507,34.59941755994795,57.28713940499057
10933,17.231980097343527,7.023807515600745,53.44602882551365,38.20051364612082
10941,13.794641462975626,6.701975672755994,32.98919840818647,56.60261512222854
10945,11.970105340444789,6.242110059854393,21.774483027701912,67.71049551307063
10946,13.118115377689893,7.144105847641518,30.70493932326942,61.06634640897094
10947,9.564628203187755,5.598757335764579,12.413415967918336,81.68671770567505
10949,15.720636323884902,6.996053586867528,44.742837665715875,46.242577543368675
10956,15.034845242329691,7.041463090637584,39.58746424748636,51.45729877695696
10957,14.762282766679995,6.762017666677288,37.4549354031558,51.88479803911555
10959,13.957847220561288,6.9270511227212905,35.381817844452485,54.59192667019214
10961,18.216269638534015,6.732550048303199,59.76201527490611,30.857842103042323
10967,15.060435795815733,6.724605826127305,39.35456101335355,49.258534285743565
10970,17.119949888126442,7.010752173382061,53.4225637650855,37.71029475762368
10972,14.509762040096664,6.534554391919187,34.952671091284955,53.07547238240308
10973,14.941993104753346,6.744689785109024,38.5865383361373,50.75381144280553
10975,16.624149138375863,6.576123395033975,47.841507705395415,40.71655269443445
10977,15.518557509505913,6.82114043841415,42.02784815803045,47.01674925446759
10978,15.766158471274881,7.00545059108093,44.52228584259571,45.79095093746491
10980,16.365400909633124,7.118475511328745,47.79288279784743,43.87388602179536
10982,14.85885871378654,7.1933021352014626,39.33871761233191,52.15849458838964
10985,18.173185776233275,6.650644363612592,59.41559838251742,30.773036221285384
10987,9.394373085177333,5.40439465932734,11.494365989273238,82.0744968754613
10989,17.504735103863272,6.947944782279746,55.57939345782016,36.224341146867964
1099,15.84868345943604,6.5524819741861045,44.20328867422436,44.961621879374256
10993,15.793604647122038,7.215047171497834,44.9184702369886,46.379553582169535
10995,14.430762992057852,7.068798072823951,37.917331793635164,53.14109748780129
10997,17.673762375959583,6.560025789337033,55.80295438838977,35.534727021423635
11000,18.81122007063993,5.4607485616895355,63.05591650249403,23.559123108521607
11009,13.740280813890037,7.2898163234313555,35.55197004594105,55.76726484462564
1101,16.17797778815213,6.9951808377408655,46.66720173361692,44.21124443195955
11012,13.739354387685308,7.317061163162745,35.62642369020501,55.834513328818566
11015,14.025486908108162,7.511813347090241,37.304716671147354,54.59270543955551
1102,14.411750188432919,7.575904003584558,39.940482095030255,52.79436563832953
11024,14.217773455474996,6.628344594011488,35.67380810151924,53.30890069261693
11032,15.539944542615425,7.13166396414309,43.44894597765164,47.242004479150616
11037,14.222182850075393,7.62107797842695,38.16429592602878,54.83353389490574
11038,15.630291513005849,6.999060885123294,43.24477163832281,47.42643278702009
11039,16.04769734934824,6.963783049543259,45.56664650131075,44.68844525105868
1104,16.26248592025991,7.066577691546906,47.01049494377993,43.380694722246574
11040,15.613133872521194,6.995846146994305,42.982198995218695,47.55324633315475
11041,16.05043090309388,6.979674078366535,45.56701874213965,44.99851739757263
11042,15.653356536136661,7.066517076499807,44.457473879240595,46.92003705571256
11043,17.376664178726248,7.325381627092791,54.9886715296198,37.100740495137046
11051,16.8194039395061,7.1777324269693175,52.093710793386585,39.35008633218638
11057,14.729133811133423,7.70195780739089,40.524193548387096,50.606705495818396
11060,14.46732991145253,7.15389568987217,39.35078028485012,52.14063587180324
1107,17.842478418787643,6.189238024364276,57.18204305552154,31.70507702480958
11071,12.19346326556773,6.894655208240529,26.268266961281572,66.20398734495053
11075,12.512920389881979,7.358108683372318,29.84318381886298,63.59141810141872
11078,15.76732968755704,6.746893126547746,44.49679309525695,45.490537651437165
11079,11.691580899650388,6.757220929997317,23.703534386696763,68.57481642332638
1109,13.054899677102872,8.813427773017613,38.56376022816435,53.51275951826435
11090,11.396005753029554,6.70008124002471,23.243737810701703,69.61002271322745
11093,13.16208038065366,7.081987312861257,31.224993519447292,61.543836712612844
11096,13.707244484198746,6.822071644376035,32.68470481033495,58.43535515351038
1110,17.928707989031388,6.195668030775616,58.88434758727645,29.981745044506553
11100,11.617436672160569,6.915851569725766,24.55085151646785,68.92549648589346
11103,12.086125027775335,5.69511444019881,18.555107067113635,70.87090374221796
11104,11.208400547326091,6.719803210973893,22.249411330162978,69.84971605337273
11108,15.492824889752109,8.398722806679675,49.213199459808585,45.293875873407316
11117,16.034806927067812,6.7431884231537085,44.32644748327029,46.13034623217923
11132,12.281118262132534,7.341717146418159,29.179246096782542,64.01060985077201
11133,13.76324953757397,6.88493628032721,33.388555611578155,57.18489859337539
11136,13.323692068929718,6.692622402037976,29.872679922285144,59.695754619486586
11137,13.408822743937053,6.892056072180784,30.52483181125543,60.283614425359445
11156,16.292771059958046,7.462958573442542,48.4269610474479,43.52113333488926
11160,14.961507580274354,6.973713589600099,39.60580069314024,51.0213169664466
11163,14.993873803129274,7.0471583874166095,39.28887075939901,51.34044915811181
11164,15.145672238213203,7.26617590101107,42.28156694891598,49.07017240691754
11165,15.35683458979925,7.1846811742260615,43.488202479746114,47.75383887563817
11168,16.020629740717453,6.980305082097267,46.81791785450322,43.584362791679865
11175,15.12042617840459,7.2809394224871,42.22850168484173,49.018281196104965
11176,15.966926149280596,7.002409942255064,46.64178116644164,43.81436475789585
11190,15.304945590110806,7.14342700128506,42.22518243947643,48.80458704969304
11192,13.73297702586151,6.915342773855067,33.89693467456184,57.17699935792252
11195,15.712248721280858,7.2509139905667475,44.861670768315435,46.504583930551426
11198,13.727150749558897,6.277289494592251,29.56782861742307,57.08624852950281
11199,16.762760938739188,6.252594256398574,49.45107182470516,38.18276478710641
11200,13.448888850772201,7.6120940935333605,34.337009253177534,58.954148949654886
11209,14.997836455944796,6.8025809596989015,40.92156895767721,48.52552335079239
1121,11.517986610503304,6.645371902525206,21.870098225843297,70.6845351404858
11210,16.45466892538447,6.82305006141741,48.905959552977535,41.553380663367
11215,14.46778716292759,7.165238436631165,37.27367913318667,53.78760249879413
11216,12.070222826257757,6.259002243856845,22.132064495920527,67.56708381188193
11218,15.430143557176821,6.554178737936781,41.45987363892996,47.75373034009947
11224,14.857984507841874,6.447950606911007,37.931302576542116,50.890205408095035
11225,14.687995909909372,7.245725900001139,39.79164441913169,51.38646637952515
11226,19.35171655139553,6.317932407567892,67.14700557695346,25.127881122194818
11227,17.20576147450743,7.017068519248645,53.31745360943563,37.58500134465404
11229,15.685850585477967,6.552902722762203,42.99766020762818,44.712750732604896
11240,18.270472090872293,6.6757196223415045,59.99551913967481,31.590065292536167
11243,15.174067197158513,6.477816395994048,39.60150991773797,51.0077988675617
11244,18.773106890241102,6.596679815133172,62.857536321696614,28.8549197824141
11249,17.223481281334323,6.608518573342559,53.84687583802628,36.3502279431483
11253,14.56992661648835,7.097971374269578,37.89813237665998,53.378755219246024
11255,17.62709384109334,6.41831712500117,56.08318782738838,33.833250187079074
11258,13.417971518079208,7.305030576197313,32.49356155503775,60.51437481385449
11269,12.685052354247295,7.1919878105516,29.45502828772659,63.24558365084864
11271,16.81523045008155,6.733049311618479,51.29092223484457,39.33904781575958
11272,16.713943109963683,7.585798873125779,50.54248709468022,42.22126054836017
11283,14.052680963990849,6.606392473112661,34.233720841881315,54.61970974849935
11286,13.765619362127085,6.664212596431672,31.381961204970054,59.309913292214176
11395,17.503151499375562,6.7380580232959515,55.15892946832174,35.72684221855493
11396,14.987297927085502,6.932291050016663,40.00979612960464,50.13585198602666
11399,14.488637420056238,7.318114674559503,40.646214559206975,49.77684339104085
114,15.049293165067523,7.109900360796344,40.4958120565583,50.60923201375196
11400,14.77678464625496,6.996998911879821,38.34860264154215,52.60252593855669
11404,16.439972162565052,6.733343864740338,47.82441889692945,42.081519797854185
11407,15.801540850035641,6.951819948329412,43.77450912943572,46.750691415440926
11414,15.9909404117628,6.89359451432293,45.66173782601571,44.703702303066976
11417,15.254426363858236,7.367660427172406,43.4011934011934,48.65366293937722
11418,16.871773176425435,6.785565657763562,50.833782952934236,39.661467809327824
11421,14.2015236102025,6.947412463266132,35.22613606635582,55.58069033439514
11424,12.925222825743433,6.75282861494006,27.871201157742405,63.15050651230101
11427,11.744964554388059,7.043968622704351,25.31221250541944,67.12595302801189
11430,11.339679491229859,6.877474647998845,23.200092535981625,69.53583290645604
11434,13.509490821135179,7.4801021727790316,34.10285388253108,58.591821283972834
11437,13.559947377871291,7.315212076683517,33.72910076818798,58.88160867600543
11438,16.435044002610578,6.5541399130026425,46.02121610467427,42.00880437773226
11439,17.475818819689888,6.840479726926326,54.8744019138756,36.578947368421055
11443,15.318614702881744,7.720222346890465,44.59145811952317,48.92555459066867
11449,18.201608030271203,6.722725449213261,59.757826814307336,32.16282960248546
11454,17.405835642882877,7.429617332829602,56.56059657312006,36.893038082768825
11456,16.875939408112576,7.540375497895298,54.30686120209282,39.29558892339104
11460,18.18659918923556,6.7090997230067915,59.40074314175033,32.46738872638153
11463,18.33875005958455,6.701933913708191,60.73377275306648,31.378497533720374
11466,16.309410826071236,6.817470585798298,49.468014890302825,40.85592839982047
11470,16.630015123357943,7.034012973257379,50.26388648555113,40.98459941166292
11471,16.91806761726527,7.096027979557429,52.627145028661424,38.794571726828195
11474,15.491251679875239,7.501619932689747,44.467997530356044,48.372093023255815
11479,12.787644523562244,6.645400752376944,27.011151783434066,63.89716523367668
11480,14.029536859297831,7.020870015542185,35.55026455026455,55.1031746031746
11485,17.014550381348197,7.036089795806147,52.594170620703004,38.72954391401181
11489,15.270074396891593,7.147468189983647,41.5634328358209,49.26119402985075
11497,13.228260560398903,7.085910139067067,30.78646540304512,61.183704842428895
11498,12.272772106160694,6.962839652294028,27.035651957117924,65.1840771212499
11501,13.893533608140947,6.583523282582579,31.989880737260574,57.66100469822912
11509,14.421141448949456,6.669541080378119,35.26934338775019,55.0679876459027
11510,13.787687170928693,6.755138391070603,32.32879043580616,58.27436075617262
11511,15.191978055346333,6.833611913304589,39.481188609844466,50.98981939412308
11512,13.57899363226682,6.673442621689424,31.270754925835732,59.6842483949524
11513,13.948319655919642,6.504590395201913,30.79061659378147,59.50588341373248
11514,13.999752861264454,6.8630213453012265,33.68455355203128,57.04199124794389
11515,13.626968344299794,6.386094604835749,28.80213349136973,61.28602118675457
11516,12.958377145331301,6.9312713861564585,28.532433754796177,63.35075837560837
11523,15.39517059806826,6.629548536032133,41.28593831677993,48.3951907997909
11526,14.815320073406635,7.171707362213197,39.56590743362073,52.15401993165473
11574,14.036989414613783,6.886444443752272,34.36876262414992,56.32432561641707
11575,13.91140329474137,6.7892599500836335,33.27602995804431,57.39153432792759
11580,21.06738651869051,5.593307910553491,77.94323405956426,16.23276034379372
11581,21.436918344362592,5.473224586854544,80.00131716513135,14.453417631901738
11604,17.672490802102043,6.890571614293034,56.62394921471237,34.6221746567511
11605,18.657090883305475,6.48540453685573,62.845395030236006,28.047235947840665
11613,19.698665980604027,6.615108975388874,69.75047578769295,24.176182420525834
11614,19.55697340302088,6.582736922492462,68.50586701434159,24.722294654498043
11621,18.359841305596163,6.099910428274053,62.0353993725713,28.061296944189827
11622,16.697805055024805,6.586715187254676,48.26240398588333,39.58618780707218
11639,13.683365537178732,6.459830001634985,31.053413933207807,58.4045188782083
11645,15.658897223199498,6.971116100622883,43.82073749543629,45.568638189120115
11647,13.7851222772395,6.552581766004294,31.803080640289945,57.45494815262258
11650,13.509270424377975,6.658748329484117,30.792221501519833,59.25699823215944
11669,15.931497369017203,6.332060852810875,44.708314646072395,43.20968747607119
11670,16.22660942954924,6.063435531984142,47.102249734778475,39.299815165202936
11672,16.02941122294809,6.286597957529164,47.107455536005766,40.589956118966356
11675,17.033222020496613,6.14853619155843,52.673067804646756,35.0324008218745
11676,15.446127747945582,6.865396481199215,43.2469525959368,47.13860045146727
11679,16.87929878429698,6.766069707269859,50.769317477315,39.5235679798606
11681,12.688745255298153,6.432849276136009,25.29005524861879,65.86388749372175
11688,14.255133643082141,6.861070492395864,36.502118160371374,54.511554755079786
11691,15.05437148777838,7.347647782452651,41.989434282832036,50.16193687116727
11693,19.044457001637404,6.615673920308329,65.12683823529412,27.698529411764707
11695,17.624737978671348,7.032780419134126,56.81166073683003,35.095068671334026
11697,16.587489630894286,6.301932672461833,49.824132511786864,37.49719360391149
11701,18.108569272610783,6.368480065705317,60.0302293692346,30.75760408875592
11702,15.969665146047216,7.2744819097273625,47.7496614864781,44.43533460042982
11705,15.887810454909443,7.278388697572058,47.43885498834152,44.6246961353376
11713,15.922257066228479,7.3195621683769785,47.7236600268243,44.458794893447916
11717,16.80780127086213,6.329661316639375,51.0079031612645,36.29451780712285
11728,14.545823088409808,6.983854487030649,37.36195057118445,53.527578241194895
11729,14.749895634731176,7.0660134925651015,38.564578795784364,52.346760489217594
11731,12.678771731538868,7.2413660122596495,28.726229261293824,64.86250822414053
11732,12.454771990486055,6.532981440255242,25.09039583861964,66.40922354732301
11736,9.590458323068969,6.546402783119103,15.916419450535276,78.27077690356421
11737,10.490546565898258,6.669432077363359,18.30869077245889,75.44039428097399
11738,10.660666533924747,6.7928956976761725,19.406087602078692,74.64488987874289
11739,9.657007822891824,6.689373292714128,16.204160411752092,78.40446064765173
11740,9.194747368037751,6.255921828431528,13.732881015202917,81.09058927000879
11780,13.391837382637693,6.995495995132225,31.20016684581201,60.75593987133621
11781,13.405826408083037,6.6723373488244695,30.651914813536997,60.37386695103974
11783,12.605886337863847,7.048424686998148,28.064076185070437,65.12388745673991
11784,12.844931398069809,6.8346484819609,28.0791330959965,64.20039347948286
11786,14.25356942758784,6.940499753694607,35.315604216278786,55.878027722697134
11787,11.897307593932506,6.913124456188725,25.222871483687303,67.68925347417313
11808,16.548451010575874,6.918700669576964,50.01074575542661,40.61399593314487
11811,16.8027817427653,6.553617329489883,50.862242694688355,38.923276234345764
11812,16.79479955427486,6.57630086958652,51.19249070739503,38.65723666131528
11814,16.568804905604654,6.50303785567636,48.343082979157195,40.37608017188652
11816,17.794990047000304,6.499999235833386,57.60265057389658,33.19241402308495
11817,14.794806023790732,6.481822911237297,36.867058897164675,51.771296238342615
11818,17.351548851774517,6.436007149642339,54.5516336563236,34.86081912018083
11819,16.845557826441457,6.41545837636434,50.39302442423947,38.35108020939693
11824,15.65589485615208,6.665610491522214,43.3765374552672,44.92526990046011
11825,16.597814903630848,6.30873097719152,47.883477469276286,39.94946086356003
11826,16.60471258196288,6.318148814162979,47.69354618223795,39.913726324103465
11828,17.710459611544547,6.499368055215768,57.0572834851817,33.64121897580898
11829,17.67879111018252,6.489046142970608,56.86102304858196,33.73104275554794
1183,15.730822730157662,7.128241463347948,44.04367131294964,45.461443345323744
1184,12.398324267859778,6.924173978752474,27.868948885359686,64.26974883830363
11859,13.94318972532968,6.443777884182011,33.392112524116754,55.60442296122648
11868,12.278076039112168,7.393490424862668,28.84925341361798,64.24292187452482
11888,13.343767150552363,6.9611425426085285,31.663694267515925,59.882802547770694
11904,15.454093407737012,6.515803309143416,40.67133100116608,47.78721750235993
11906,14.391596463857798,6.42583670737196,33.8877262095285,53.60211744429398
11908,15.446147633295581,6.670650841199679,41.1800346220427,45.31015579919215
11909,15.206916494301677,6.756352313086506,41.32852419597235,48.37887638687419
11912,17.898982385073218,6.943415158646351,57.27581810454738,34.054398640034
11913,14.923962640543294,6.639318285501928,35.61813791539375,52.94094104777278
11914,18.781400575128206,6.35717311923445,61.23223376672533,28.548042165824484
11916,12.359527186017374,7.275432549455444,27.789138537999587,66.63129012217851
11931,16.528111200573186,7.011628100638934,49.63021806505029,41.583405126598564
11943,14.864924442942334,7.5418427653504665,41.94977843426883,50.754825626517786
11960,15.965696787063383,6.753192175825751,45.489967795543954,44.14639413371891
11962,16.451630698586875,7.245384550598657,49.578605999073424,41.845656438210334
11964,15.743177740471776,7.647825730105699,47.25201158673962,45.18313485677503
11966,16.087747828571676,7.437665424364941,48.18532664120458,43.547161510928035
11967,18.70176461914343,7.032160132446006,62.527850156716134,30.764510403685662
11972,13.95989719199456,6.966448525136346,33.461155857908416,58.12662452267111
11973,16.12423221520894,6.657831898248549,46.19800754207238,43.247312433162605
11974,15.490310623811911,7.1631567752165335,43.04719316457718,48.25521041284037
11975,18.60506501452232,6.840706997886418,62.81312875332136,29.868374571871787
11977,13.788637032733607,7.102381288985506,33.33651784387406,58.65762265673099
11988,16.827921201056753,6.820234089690769,50.86349560891416,39.515711457434385
11993,15.391350845278584,6.566966802608231,40.66247341508665,48.70808633874836
11994,12.738752435558977,6.3301114135352865,26.57188976837356,62.53719442229526
11995,16.77901492809832,6.948762562705418,50.815861040442144,40.253531011492235
11997,15.190455328114773,7.086509544528166,42.092462008371356,49.06670688940005
11998,16.41567160656179,7.000762859537202,48.00710204639093,43.21094443559218
11999,15.745128694272834,7.175925948651735,44.3601091517806,47.23566236327363
1200,15.00594209956351,7.342481773786861,40.55558170180723,51.0706890060241
12000,16.23316304076148,6.128232333937958,40.75913738151414,42.433461649902725
12001,15.116900841083922,6.613460719472968,38.993918561607614,49.90745637228979
12002,15.566924956453452,6.618543246481149,41.896184136100594,46.9542705477962
12005,18.37784640700569,6.338955054037257,61.600835548803644,29.312571211545762
1201,14.314019195361299,7.138782121248734,37.348050526916765,54.517448914051904
12347,15.785485360513057,6.68455189219777,43.675885529780324,45.664123311103
12354,16.598067689613547,6.742816604514315,49.541422742593575,39.95298917864112
12355,16.077513121724877,7.023677144935711,47.051848482879606,42.746572672340974
124,15.584572873776562,6.83166952799144,41.88631532144892,47.39964708007392
1243,11.877771409317324,6.66093177825249,23.6932106063165,67.76515791251477
1246,13.835007133711983,6.544340294931499,32.65001399819579,56.29244823259817
125,15.618063833653444,6.492196676527328,41.03240677554858,47.49859727340279
1259,15.381734978451307,6.421659410086377,40.6291565501953,46.1627784228861
1260,16.271560071647784,6.983337816199088,49.88404130904478,40.69753612559218
1261,16.49587791806042,7.160766540132976,49.569640062597806,41.51477492405412
12815,14.386554419824623,7.164396165104455,37.59607715176564,53.53128852149953
12871,16.373996687140654,6.910410231124633,49.267406500533156,41.74663981148717
12880,17.682330293358056,6.4522150608761955,56.785878459133954,32.98611749563299
12881,16.922777401202325,6.524833861526371,49.58355603064315,36.920986994477104
12882,17.958341315058277,6.546571516914395,59.34859599202931,31.74528589204758
12888,12.08606674898637,6.521194518807738,23.663631494376006,66.59287032077606
12890,11.395843944284495,6.787590408175083,22.805960826306162,70.20925355820283
12894,11.635931399431787,6.7545449420050705,23.930640186564357,68.37057097720604
1290,11.315537923914842,7.066582066209152,24.1114956174695,70.05607618277804
1291,10.292804346650538,6.931276734119472,20.486189152422074,74.22960903767671
12915,16.01873477499394,6.943210796979108,45.812645150956996,45.200008008328666
12945,16.26968956131656,7.152758539535909,48.33215455896999,42.359377029777285
12948,11.26491860842419,5.595663935227753,15.053001307313076,74.97991778103294
12949,6.817804950167547,4.001318933094272,4.519335424803125,93.35184710928996
12952,16.972449663714087,7.092309168517554,53.19718166036965,38.254875931788014
12955,13.563402287795844,6.51237572204654,31.017269633177865,58.084793478717586
12959,10.8055003466215,6.120395639249674,17.11267786840954,75.04953297480894
12962,11.05487189673348,6.803198749092892,20.665182298914555,72.34993969756007
12963,10.61309208572636,6.233864460619174,16.57432754384162,76.22135229321798
12964,13.986968245013365,7.0104836646400654,34.46095772439897,56.54039336214276
12969,15.248427064000015,6.782060546049645,39.693365402567736,49.91817952181697
12974,12.308617249995251,6.876627477504536,25.698933338669978,66.06896275690929
12975,11.587360976565328,6.726363650426167,21.96391166718329,69.50526483876725
12976,15.765630466742293,6.807099289148875,43.352851875948815,46.06582602678894
12982,14.793257791305352,7.121755297259053,39.96930289004961,50.66926838554618
12983,14.759789729828345,7.085350293898056,38.76940606751175,50.880691259554666
12985,13.618575057975837,6.846140713709595,30.994380401011867,60.100847184258335
12986,11.307602746512218,6.843743452518382,22.08670889183483,71.02764275543771
12998,12.175693835260258,6.995157990715082,25.76805182179809,65.9269693572867
12999,11.417748688120305,6.640395721508509,21.032940448395173,70.97808658471406
13000,15.860399353301796,6.750358279046806,43.683171999132206,45.501410167670485
13006,14.884806190942482,7.097355651116253,40.15032254246316,49.93785879150145
13008,14.764555875563435,7.081063211787042,38.77131971561843,50.872965947800076
13010,13.636089096347016,6.853271147783635,31.077439365434483,60.029491025575844
13024,11.179163361567594,6.493258177919622,20.739790981227017,72.58563963615251
13031,13.532231448011565,6.749450215999144,30.14495936745003,61.35148986016545
13039,10.566205144596628,6.198715076449637,16.32313737146679,76.52358880518685
13040,13.512934996564734,7.150759638396394,32.460533758420326,58.48305651257263
13045,15.344101367752383,6.7585937410217936,40.0,48.520450178424376
13052,14.050932043307855,6.819446509946925,32.709308372334895,57.45667664544419
13058,13.531853909664632,6.928329828172066,30.664794664794666,61.215865215865215
13067,15.296107344213928,6.918419600408066,41.7667251743581,48.86531322325603
13068,15.5940209180881,7.2066114944838855,45.59566846056958,46.24670799731733
13076,17.327381586304227,6.639962387600949,55.196505612912915,35.55667646869433
13082,12.800618419121772,6.508964263900441,25.727921068153787,64.9337766100059
13089,16.884447077424337,6.828209113239742,52.39572170472344,38.5201137581403
13092,14.236799342714088,7.626528854273876,37.76667268749875,56.094085535954406
13097,12.044648448958425,6.400139189827694,21.947478740989418,70.0874218230773
13117,13.719897766384097,7.194441431029622,34.63545899478066,56.44290332484514
13132,14.238393347274018,6.5635685361018945,35.221160979228486,54.81964020771514
13143,16.14257928420767,6.35381924848006,44.70657623120024,41.82337862668148
13144,14.7852675240094,6.467360574631963,37.81332338470865,51.733625574183314
13162,17.004355854374673,6.785948245272823,52.84284057430045,37.4361777291936
132,11.495576492031752,6.378098914164611,21.020953887689913,71.9250578231
13203,14.772494299096202,6.888124869217627,37.053799615252366,53.42509037852105
13204,15.122741998630874,7.372366255794061,41.38015692975478,50.61426509147688
1321,13.793598897398367,7.217883459742511,34.29981492905614,57.0108238461107
13214,14.315292050844281,6.441052556292674,32.78666529053566,56.08215502115801
1322,13.44090446957758,6.982875060570837,31.47615029532933,59.25199781605202
1323,15.207785236858268,7.460001756164469,43.56242674848888,48.600813832519066
13240,17.66119957013143,6.364938632117518,55.92628000849798,32.97004461440408
13244,17.144112330805243,6.233585311726568,51.20597880328882,36.857801435293
13255,15.011488118238457,6.997923374306081,40.91237119500278,49.53801743821501
13257,12.245646265101792,6.456998507393487,23.683882079828262,69.2531389630813
1326,13.510334102533948,6.9886344190599825,32.59277009448172,59.30667762106897
1327,12.053359021545507,7.7005640564816105,29.76299302133732,64.8748076965954
13273,15.681961386143568,6.583040804097812,43.71923681940427,44.53493682447861
13275,11.668254417679087,6.457417982657494,21.691320407850615,71.53216334451122
1328,14.04277032085875,7.518185069168422,38.40361260474216,54.19645383962299
13280,10.74151250916132,5.820329335771765,15.837278964151125,74.83210938254904
13281,11.526104182176281,6.204433439599297,20.316875284206496,72.04963741234474
13288,15.374424263008775,6.758518373497696,42.352237417125004,47.60306408999518
13294,14.609084696366427,7.005302183429152,36.525798116195716,54.06113433120184
13297,20.468190793184117,6.0741468853263,76.86569107384648,18.383501718570983
13298,16.47654937792012,6.756831180459339,48.073022312373226,40.97363083164301
13299,16.59090663533501,6.780838921364084,49.45543950908278,40.0028447189824
133,11.776466454938769,6.84872306718648,23.84859432873884,69.87901511931508
1330,13.06594192813368,7.474465250344764,32.426932623716986,60.703504103401244
13300,14.29104355209981,6.73218288448603,34.52640768223483,55.7971409864688
13302,17.491876293232856,6.984213437439249,55.27985088937126,36.559717119342196
1331,14.219517657871073,6.611945774532935,35.58595755127547,54.19242529069118
13312,16.97979936586407,6.955804712667662,51.73020064873553,39.250653041306656
1332,14.953734528093358,6.419232342700095,36.73416181454767,48.247650498454355
13320,17.862269980059093,6.665966285153713,58.35810087050979,32.5105984943349
13332,15.816661974846344,6.658017822022577,42.87448447591627,47.01112753871294
13333,15.534180621598034,6.924606158734392,41.351546515826215,48.827777109158745
13335,15.089172523356948,6.867300907090649,40.69829391284955,49.732997980448765
13343,12.96305548656838,7.429436536188139,31.017814680544188,62.331891006899774
13344,14.900370857998364,6.483167084487207,37.18334903594793,50.936185458936556
13345,13.91436376608994,6.69967054712778,32.943405224948336,56.0635366435271
13346,12.150572186676214,5.926660654887883,19.16891344105281,65.19730764154679
13366,15.89832458982464,6.85148198586625,46.00997506234414,43.8824812967581
13369,15.244489601302062,6.389147643700332,40.25192071481901,47.8239926784037
13370,15.196163851888407,6.327737871687474,39.84884919271728,47.83334151248957
13372,14.739865987748077,6.3360706423687665,36.717621733562225,50.81337366140767
13374,14.789115194874416,7.524792968419247,40.19067323403905,52.388117601420056
13388,18.460407070469447,6.345446913633226,63.03776092132218,28.556004650905265
13389,15.545143330722201,7.2793071296847796,45.535465370982514,46.580907244414355
1339,14.202856780402854,6.022766911256423,28.563021976778398,57.79598488106286
13390,15.209059941886988,6.999682261063817,42.98755692908263,46.36467143786597
13408,13.96767695304751,7.168922606271027,35.38149898717083,56.12986720684222
13413,13.990736450456087,7.144175523943004,35.390876173589824,56.11868878373903
13419,13.601809106947108,6.999347886461953,32.366776279971255,59.72146605980095
13425,12.754925442939463,6.96914742587665,28.678594524682044,64.1064884673421
13431,13.183425649895707,6.895296841047416,29.4984243697479,60.948004201680675
13432,13.506182463543539,6.996818473922537,31.882515276956436,59.87975556869702
13433,12.582778262447322,6.69954983070121,26.406086367276536,64.56600751555473
13439,11.505533859220574,6.306590508039109,20.263784858509162,71.42930600071989
13444,10.946078756520865,5.741895212183122,16.11632115071966,76.4445995719705
13485,11.395101841468303,7.270123067725011,27.034582729343548,66.30328669053043
13488,17.077071318704384,6.7842013806656345,52.306749969374,38.18204091632978
13491,10.541301047722166,7.233591389400508,21.607550531766805,72.08085082688346
13528,12.754543419669119,6.8936105501889475,28.631168107053245,62.89610630982251
13533,11.092788582183125,7.5425774532555,25.656023859616674,69.29230342403994
13539,15.178848584617059,6.153932230940254,36.79529832101387,48.988336418594415
13540,15.986782143485314,6.4583106442856115,44.291684789803135,43.72056960229959
13541,13.599815490912352,6.879828121277492,32.36369139079015,59.42869115798296
13544,12.327835975811087,6.143344330860042,23.367354769396055,67.03501905712021
13548,16.14230849776446,6.802115185906469,45.95955692941783,43.98505924781041
1355,12.92688110882095,6.232761860182516,25.472370526768785,62.90294382657109
13551,16.12630427041776,6.809918755657304,45.8928662877042,44.044144005735646
13554,14.177555873814315,6.854290494849776,33.99910745276938,56.20568255070164
13557,13.89224032639214,7.261199083277155,34.281691042340064,57.19269049828783
13558,14.921068664627851,7.006240304392072,40.13912453342382,50.398710553104856
1356,15.533235635464731,6.334819854859539,40.30511019357606,45.87109228376857
13566,13.908088738895904,6.709464068984694,31.205286297770495,60.932906683316425
13568,14.97922635588849,7.380891811648952,42.26646929848969,49.255973911785325
13569,14.64798432346672,6.638265752579441,36.760268692875236,52.8807400066072
1357,12.779219435392859,6.6954057591344585,27.50326358102082,65.02345900812986
13577,15.344816948165672,6.510552378677999,40.075514726447366,49.16202319227211
13579,15.264312785836742,6.450828194895682,38.21123201366212,49.40285935174181
13594,14.807917948849306,7.229880731681817,37.9479611809676,53.38949180680665
13595,16.831011312763263,6.813943487328159,47.954292898113124,42.206108498243324
13597,13.375136233756919,6.905172812763863,30.988771449572912,60.778648011558055
13599,14.042829859506845,6.7738966758320895,33.4420633415513,57.499209810986784
136,13.095046377660413,7.045987307194052,29.82075203282469,62.365414276943355
1360,13.883932934264577,6.237117634176109,28.929432905408685,59.50526946301663
13600,14.13360768338166,6.658765590281315,32.74654390975093,58.14330164954605
1361,11.705282671172387,6.491432266066687,24.96460837558879,66.4538879308126
13617,16.724746701735175,6.750594627541619,49.940819217261385,40.36129382773541
13618,16.557345553618852,6.525353739108309,48.828657041678014,40.47489330790883
13620,14.457457488289434,7.03524052527038,37.0210798634678,53.62036572530272
13625,15.74354317846824,6.950691289502441,44.571207163767866,45.65007749268125
13628,18.987305452106828,6.885929513957521,65.9305407038914,27.367148635454924
13629,11.11907360324248,7.437306935103955,25.221407226297206,69.89296386851399
1363,11.7749765650933,6.5397925726840445,25.60564166307298,65.73907308287461
13638,15.613918975923886,6.986609296820113,43.68342108485368,47.02461124035754
13644,11.654937346585557,7.327728412001392,25.738823709838204,68.84748102139406
13647,12.482914686318574,7.375811375142315,28.905941346299958,64.40054702932684
13650,12.275132151319253,7.393938778665193,28.204387990762125,65.48711559499209
13653,11.938897386237798,7.4328054614809504,26.896928493383516,67.46236493869127
1366,14.407737787588285,6.39421500473826,35.54392088423502,52.860562939096965
13661,12.074019407005238,6.822032733322014,25.28431826797523,67.30339918284824
13662,13.03082159183142,6.76513897505354,29.205673472681788,62.221572108788635
13664,12.725181403501578,6.1864588368804405,24.491417361451692,66.0156939676312
13666,14.707067847104867,6.774739708757643,37.821133451917234,52.678269875937225
1367,11.706400982873037,7.137628948017315,25.089553329921777,69.00845578380486
1368,14.658442206738897,6.6691044439350105,36.36954503249768,52.32435778396781
13680,12.315526212465192,6.6115167400564525,25.103769194974408,67.5383899488134
13688,14.470348355706967,7.18483253859213,37.29022400749156,53.96633726804505
1369,8.705022428293635,5.348280613922799,9.663478750063929,86.37293509947322
13694,15.707380725887718,6.748707319924936,42.260903506407814,45.10097302119829
13697,17.066970111486388,6.672403655744615,52.679813232664415,37.52897542883635
13698,16.111229579049215,7.029471904099394,47.69980522708566,42.568068651340184
13699,16.581518098737657,6.172132422365295,46.633215171334896,39.9570622597234
1371,11.12234766468348,6.467901981947533,20.53076245270305,72.21012802570881
13716,13.207492596682032,6.6896242069040435,28.61858503657994,62.3152477061748
13717,14.384040369478544,6.575332888624932,34.00814126039781,54.576395790505494
13719,14.293127036159378,5.852858630448233,29.429280397022335,52.75625119297575
1372,13.54700075021741,6.8371971255158845,30.875970220180584,60.015840329478856
13720,13.643007407354549,6.948011176761686,31.839215202369196,58.269064659427436
13723,13.518741875328114,6.106085281054515,27.031948796229344,60.75359524383386
1373,12.922363822768022,6.253908568197565,25.724457102171595,63.74866500533998
1374,16.084345015370857,7.15893612879195,48.15986442592854,43.78830673633667
13749,15.799115503393871,6.909864686487899,45.11201048851394,45.302969845522426
13753,16.36090193894709,6.757630754421969,47.7131377621223,42.40189333480103
13754,16.08069693125553,7.036397605435691,47.15268225584594,43.66040042793826
13757,15.76301999394342,7.147619190174485,45.23037881799003,45.94123582107806
13760,16.171215156907746,7.103395605852591,47.64494071433767,43.6422492180112
13763,16.378150909616686,7.007670955587409,48.47256857855361,42.458090883901356
13767,13.007680758303065,7.1395014661904375,29.662543665004282,63.42465452468309
13779,14.4934054706173,7.262762860041398,38.332353941793215,52.40002474252312
13783,14.04841310925623,6.986297912409065,34.4875195854858,55.8213493430136
13784,13.995790869632454,7.171114366437996,35.00375610366846,55.44635031926881
13787,15.76795977649334,6.995149016611936,44.32400013327854,46.362051156746666
1379,14.978417952197313,6.615403875285547,38.535559044354024,50.765221663302476
13791,15.73975348448276,7.000486108728063,44.20917582941906,46.45276897140373
13795,15.811304683334594,6.958137368459464,44.41500092692555,46.19033598324991
13799,15.797641925630408,6.983930843961488,44.41972727070495,46.2160478722221
13803,15.022704535457015,6.960519035762397,39.876690533015115,51.10160876867321
13807,15.52512760867751,7.317839762605292,42.916737252244616,48.59817042181941
13810,14.945615428324608,6.991127416346017,39.604443360457644,51.34697678543713
13817,14.933512845493123,7.0342989950566475,39.79723420338832,51.1983636444484
13832,15.425357942534738,7.330649990563097,42.46311058344641,49.06504409769335
13835,15.632393737078282,7.640337269374158,44.873772430459155,47.8602156066293
13841,15.41298689249519,7.336730144446489,42.86466479798058,48.12228020999489
13856,14.075953698056257,6.853595603659756,34.14993074792243,56.091297322253
13858,13.918500315429267,6.795270708960206,33.36469306661055,56.85230803510639
13859,15.325671217270328,7.307112466690796,43.598490346929886,47.413751391106594
13875,14.104564811829862,6.799392401875442,34.0494279975548,56.21343114138503
13877,14.0100306592676,6.712927083425105,33.48474936121363,56.57116759038673
13879,12.045296501855036,6.934712929227434,25.141515946431035,68.33417705984321
13881,13.079426008509182,6.8216032191131974,28.5381821901693,63.07477878369393
13891,15.440911999860587,7.619619312482115,44.62516230438051,47.44925852525114
13892,16.54799318290472,7.1875638645581645,49.71592363208271,41.625292180648685
13893,15.402680762331764,7.3258263089617675,43.3124839345386,48.22894353525833
13894,16.512824495456655,7.330369220095515,49.94331455270029,41.86477944207778
13895,15.276047575909768,7.570999755956921,43.32349880171484,48.0068364316882
13896,15.861870319116912,7.229469674198629,45.317848980924396,46.049158154936805
139,12.744649151532899,6.874855763403878,27.052680902336167,64.85708548095589
13945,12.16302066897322,6.199437453699008,23.376219577570495,67.89428540795541
13948,11.35729186915711,5.798957476613962,17.868788544694123,73.90125469625008
13951,12.221673377586393,6.209501784883902,23.635481261795633,67.59881369641413
13963,13.74326641983233,6.53462721292454,30.375752663270035,59.32289254284391
13964,13.729936938183593,6.5445317615659775,30.367689635205558,59.352924145917775
13976,15.269012372646856,7.619805689517945,43.669320228217515,48.36158001918643
13977,16.631496706428663,7.114801902956756,50.584326885782225,40.51670348572489
13978,19.64018085941419,5.892332994296294,68.91880521665965,22.266161828635536
13979,16.446749813766143,7.15489317256848,48.89812749273305,42.48800108159265
13980,15.90703874292403,7.156441712798382,46.00503355704698,45.02348993288591
13981,18.998386530116207,6.273618562300015,65.43939435200566,25.380572424498244
13987,12.854692415195936,6.371299516476663,25.897163172234933,64.52144012355573
14006,18.359267503917128,6.857218803222371,60.83692685970811,31.701887881977107
14007,18.35003447424049,6.872322271343306,60.8129991024253,31.75933894086186
14008,16.74822634881389,7.388320038088483,51.621119558764384,40.81333665281422
14011,14.956341298600309,6.977243165290303,40.303141209283545,48.802958213965695
14014,13.924191722885492,6.7910770774947125,33.65694199659325,57.25214891249766
14016,11.529340257068144,6.20720174481667,21.097538658614695,70.6812151157471
14017,14.341111462435872,6.761432273478035,35.54976266438409,54.712992503825895
14018,15.678859655324539,6.953850541874654,44.08736499393299,46.384420389970806
14020,16.957698442707,6.956983027731891,51.65291041873731,39.08358901228699
14021,14.637973016557329,7.66499120701364,38.916997426614905,53.83608845466045
14022,13.738977792129582,6.62657658622143,31.517102725025133,58.47529002635369
14025,15.649972195993758,6.826903021796777,43.25549738219895,46.019895287958114
14032,15.556033372807155,6.42295289713403,40.65148897245655,48.37991665819697
14046,17.0432474859674,6.624429189853822,52.299888930025915,37.70455386893743
14047,17.467690011965768,6.828139197501915,54.91686814208666,36.48800446345546
14050,15.779238107280008,6.760157358885538,43.51657377530068,45.16397770607216
14053,17.379148122009866,6.795310228322943,54.42553477232539,36.75473218482567
14056,17.001244369480517,6.614665657593594,52.10911490579608,37.863969688656226
14058,17.008217397139166,6.612073620967443,52.13859232459548,37.821380744160585
14059,17.3085143288952,6.554749418939472,54.02192908955974,36.022599411074665
14060,17.270095820270747,6.561563418878385,53.990067023482325,36.16977674912001
14061,17.149674647431713,6.532353632223996,53.18514241724404,36.6844688221709
14062,17.285089870415085,6.635420681352192,54.50573325286663,36.012070006035
14063,16.088911565707992,6.783539257241264,46.92422886113226,42.29697735315525
14081,13.505257085938629,7.1447446206000365,32.27254446621087,59.421906825287685
14086,17.316378747822384,6.749125721065419,54.16089385474861,36.890130353817504
14102,15.297089913368177,7.115823023256914,43.131500180520135,47.42322071206457
14103,15.19379795746716,7.152909649290647,42.640736704707386,47.970828792795814
14107,12.485809900604867,6.401444751036283,24.800381360982005,66.34936241210822
14108,15.763661351344956,6.957401396723371,45.37777711817871,44.88208842255235
14112,12.100046697394266,6.982521809160188,26.612516514165485,65.0937025982287
14113,14.97768577480743,6.210322871380869,36.52775599811824,49.711855104281014
14114,14.461353971443613,6.359414653900712,34.201124026811286,54.35092865087255
14115,15.988954116160938,6.104506155112991,43.6519216541412,43.72882675908259
14116,13.797918231999608,7.486084678922202,37.015068031035646,55.7114209678024
14119,14.82402273978991,6.457169639833239,35.920224679156746,51.222937182267415
14123,12.38096426058516,6.3883509299595325,23.86426360123833,67.37982672970314
14128,16.334392306112683,7.122947802196679,49.19804930913031,41.84638309401246
14131,15.389217370444392,7.254509791805634,44.433053375918405,47.078848100101204
14134,12.51097002921756,7.02111719850923,28.177634499030535,64.4287149298012
14136,12.536183378306148,7.059721919635911,28.424388212980524,64.08150992274598
14139,17.152607609648665,6.661730466251436,53.446277307177894,36.6422520858544
14140,14.779544526430344,6.9137978437588234,38.96273479090635,50.585930960591966
14144,17.21503357695627,6.909217627461487,53.59839668994052,37.536850271528316
14147,13.09157356644133,7.319822704357905,31.259397783702507,61.579964872821925
14151,16.96201446958867,6.674407030303155,51.621875684098015,38.84002729953514
14153,16.797367993629695,7.117883926104881,51.115935058688954,40.315347519205524
14161,14.971332855592228,6.7936470217632845,39.08260450473554,51.02625551595759
14166,14.954515477213542,6.77264585407159,39.3860720830788,49.1634426118238
14170,14.662773831437475,6.769210483442226,36.11957164675866,53.8858136681057
14175,14.181348891212203,6.780888133294848,34.2169878064006,55.627783095426366
14176,16.20977536616671,7.346042863129673,47.87910922587486,44.408801696712615
14177,14.476153357154912,6.708370045423942,35.010756792393906,55.37319129740796
14183,16.031392305775498,7.3357894520523335,46.75221466470327,45.172147815721196
14187,14.100741218597939,6.819707808327045,34.28127950039939,56.375717086631326
14193,14.938392623246026,7.126672917598754,40.386830160558226,50.518257570625295
14197,11.619894157703875,7.238274142938271,25.921166135591427,67.86613383095963
14201,12.206012342083238,7.226319759575034,27.738047126214617,65.38103354360317
14205,10.952134719729484,6.797084794056179,21.078473282442747,72.77435114503817
14255,15.823153383562122,7.48750299430182,47.329085214386005,45.069661950534616
14270,12.529160158289443,6.88398609045841,26.771763718196873,63.897763578274756
14271,11.586048011010554,6.60247048657138,21.306382012264365,70.49829661594367
14272,15.257594335471296,6.789645877674707,40.21462918800579,49.58364283201063
14274,15.783530593373637,6.795606870592597,43.817867719644624,45.8209937479434
14278,14.78956696390674,7.0546376322505315,39.005301996400924,50.80616915663233
14279,14.839033520295759,7.101006069783629,40.354017501988864,50.31353830314942
14281,13.670395101530247,6.889012982692298,31.546085232903863,59.65972910472415
14282,10.349849140135017,5.983769295518077,15.860944286767129,78.16944474934533
14289,16.589006664351956,6.899252544091302,50.55405044010093,39.759078171691684
14290,15.697880985642648,6.953517630291358,45.087778332153675,45.30359815740923
14294,13.1610300522828,6.714818150737909,29.797213408746032,60.78355635260036
14307,11.508835964644929,6.938707682031164,22.637046463696347,70.42175590997746
14308,12.096156480702682,7.03714201044912,25.593882199804753,67.60928517192754
14314,15.609021651637661,6.714979112341631,42.79437042015069,46.53320754229293
14315,15.608700816052497,6.675721729528852,42.53595614317962,46.75524024508223
14316,15.357362738159301,6.721378244701987,41.56503073470583,47.685488479712305
14317,14.734462859717926,6.7825116981190305,38.04807208951612,52.34309545530711
14319,17.137541934126666,7.079156960956235,54.345469404092796,37.10702313247386
14332,15.854464586910611,6.793344947438994,45.154458105176154,43.88710954988463
14333,14.99411934469465,7.091409936036124,40.78398952843512,49.9758878440288
14336,15.721132978159355,7.052491724431259,45.116822188465555,45.828812350807574
14342,14.193699068620898,6.822790822359549,35.25822691961458,54.59940652818991
14349,14.408230041970425,7.238661534291891,37.96577147032125,53.60772245223282
14351,12.58724892812024,6.954301134625111,26.44070937923525,65.58862027823791
14370,16.37091677333933,6.955552983903635,48.39128810641373,42.32999301619269
14373,19.66935713706489,5.404878190139239,70.54023795517942,19.535475056452682
14377,16.456838927508556,6.95113114579656,48.89994846024997,41.80679036206674
14379,19.70832168822156,5.38109592551889,70.74907003531034,19.256405898902926
14387,14.499412791152086,6.663861042617725,36.792105703294865,53.7949489881251
14389,14.062489199454687,6.587786949531295,34.07916285598826,55.59903864559628
14392,11.906614943270876,6.349969557395139,22.721433116812946,68.86909121471538
14395,11.258899244251952,6.407160350915158,20.808434096132707,71.23313680423703
14397,14.810679922505585,7.17519656547171,38.64482394009183,51.570851257984614
14402,14.66083613267556,6.682899666874109,34.024643394465706,54.39258031956427
14404,14.150219394370422,7.083982303653362,35.2287166454892,55.937391706133766
14409,14.28437537013592,7.082615595063915,35.951474638690314,55.01191470925014
14414,14.31279060655401,7.131349181619548,36.27386438446346,55.0047227867304
1442,14.714880885856783,7.127812745491216,39.70199924556771,50.84559285804099
14425,13.947926382416435,7.188246717479987,35.36111601624581,57.08890066121216
14429,15.921097189723296,6.878419715407787,46.35292207038953,43.884416397930536
14433,12.79801940951977,7.137068924717731,30.8353146298938,61.34411158662228
14435,13.857526871244321,7.10500728573166,34.905668737316894,56.666105434792236
14437,17.310895611287666,6.672151283744641,54.027228475813814,36.61013081837542
14439,11.718155895252126,6.897237798993204,23.464630768191338,68.2791703263293
14440,11.2199185051892,6.544309260591767,19.96419144655481,71.84414050242724
14441,15.565258299659977,6.905653487709998,42.5684438408202,47.72636760035537
14443,15.89753559743036,6.771970450718614,43.77982681552182,45.56349737631994
1445,14.409300795600899,5.884719784830971,30.36581616968952,56.861358745773124
14451,17.520866080282072,6.241031938455965,56.50452637968804,33.28142732719259
14477,14.076685584955168,7.049311070046673,35.23677413915989,56.40045063341584
14478,14.423431815489495,6.908248249651951,35.96259402317544,54.70624110591583
1448,12.558895186056258,7.475763086146411,29.323831620815376,64.01723566456745
14489,15.3076159306134,6.594383641295012,40.03053485786355,48.1023581539687
1449,13.498427240406512,5.931626688962675,25.607794336358392,61.823534767960666
14496,13.676964532447956,6.615076686576346,32.01664791409502,58.25240597314924
14504,16.043354685175963,7.0491675520244765,46.81532645857075,43.978097117602914
1451,14.289651904010583,7.027417833008702,36.44187540141298,55.165061014772
14513,11.973150496567994,6.950701204911335,23.96263492153903,68.47036710050408
14521,11.36524435310391,6.859849149079433,22.339081162610576,71.50340385634505
14522,12.461304499992021,7.087751842327017,27.119959905266366,65.86542713666604
14525,12.984951827721881,6.769691240197691,27.884062568148927,63.82902797327571
14529,15.069245506608453,7.044002588524867,41.37584982142681,49.297021812493234
1453,10.654277302639063,5.176965640971729,12.385105669238511,80.37906742703791
14531,16.86932633717092,6.504744231581505,50.43957332082991,37.55480014066347
14533,14.593093304518073,7.343905036741213,39.60595617400351,52.66705680906865
14547,17.527875545994267,6.66724011524842,56.13345690454125,34.519616929255484
14549,15.254496877643053,6.516731374271021,40.52488212275826,47.80354253951135
14550,14.55214810377751,6.745666774713974,36.941392074585295,52.918033263761124
14552,14.753465285601225,6.904738607225181,38.56141071533361,51.6137550613227
1457,10.454719912801982,5.243203911711535,12.532084188911705,80.64681724845995
14571,10.210791843360923,6.5044107661748,16.12832183233005,77.27817745803357
14572,14.715104714488481,6.922555983261608,38.4670758505721,51.810259907554745
1461,14.092913093214682,6.150645148241517,31.450990912444247,57.382381543207806
1464,11.840324086317251,6.969644293769102,24.40600646264969,68.960273712222
1465,15.527349868909754,5.882493163195033,37.66954377311961,50.025386233408284
1470,12.997172150572993,6.668901911526652,28.60409830879229,60.74517992244488
14711,16.604410124780223,7.241101090108691,50.45365221390643,41.265626959902995
14717,17.6629355341483,6.859368319719817,56.26863329672054,34.73358588688888
14718,17.81173460957915,6.875744103868493,57.72958928749875,33.8443089837114
14727,16.417906472515863,7.313603940578083,49.76212930944148,41.896678193440216
1473,10.190068615906565,6.732001634961412,19.84296724470135,74.5645472061657
14733,17.77316371675662,6.8831864185140335,56.988909343989945,34.41470971218176
14734,17.790762606331963,6.871219520556041,57.57285237781373,34.0024367347754
14744,17.616637872452642,6.896964572758081,55.96921545147532,35.82605653700739
14747,15.890852093119852,7.1234026525537875,45.973495169680454,45.20807530344315
14758,13.801336827709848,6.535800082231385,31.367099818290097,58.03417367802226
14759,14.420252528476079,6.956159589399507,36.5517138063279,54.218600191754554
14761,14.513163792645976,6.95835433045478,36.83131730130778,53.89445422789342
14762,9.570775662849659,5.8257315507575145,13.484606827411508,80.58597257777004
14764,13.589976631314359,7.007739908934847,32.70332187857961,59.05344620456514
14765,13.671863389532117,7.042415672212215,33.1512452026781,58.70381264532033
14766,13.735880286942354,7.086244646103904,33.345930964978585,58.60558215055569
14767,13.716678236819474,7.080511970429443,33.44241661422278,58.53436822599818
14774,13.962341269406629,7.388363003446288,35.554901053281164,56.5279589346573
14776,14.96119819473711,7.030455469516858,41.11218257794921,49.14014786242365
14777,15.745655676354424,6.612401161686719,43.64400420231127,45.390798272383144
14785,15.700141592142815,6.990308776468273,45.07520043530382,44.91961332777868
14790,16.0498881468267,6.715752281976597,46.22885743872972,43.079831800922584
14799,15.194143371309169,7.1352077922143184,43.31021900892759,46.934466244921744
14803,14.658993580866062,6.990285663996535,38.93829088680085,51.36408292818098
14804,13.708313463312933,7.601814134881395,37.02393075356415,55.24439918533604
14806,15.125104009323405,7.014455932212378,41.51651575699327,48.416207193080076
14808,15.070615794472953,6.932478678857156,40.592067733509474,49.070765905065
14814,14.91699013730758,6.918973058380688,40.01053548635452,49.46208237939907
14816,14.531836190578153,7.155677614018752,38.92129249739416,51.68991594775011
14818,14.353155276058835,7.068890801572363,37.32716933505396,53.913240778819294
14819,15.893828308843677,6.864806682227022,45.32749085640582,44.91404138028518
14838,15.401746592997428,6.58034002074841,39.39974555097411,48.86800839988351
14842,13.15015917437362,7.488032420155155,32.20251152989135,61.40811497072185
14877,13.902229119522023,7.094201826409256,35.37384086635108,55.59950716555346
14878,14.744217884932588,6.9539599784816515,38.58106938916768,51.309915210243986
14879,16.82739530067373,7.00304657166492,50.126645698221395,39.981072730815264
14880,13.335387448974066,6.961065438061178,30.871758613441365,60.034205346735206
14881,14.778302234917383,7.0325010758210045,39.052647572741776,51.109169642178834
14888,16.293488640556273,6.999102139502486,47.015238361526634,43.26017055780792
14889,20.819238297059194,5.840254173306408,75.11622758468009,18.656925688141097
14890,14.353457017886493,7.285576659597999,37.61286161783674,54.836926478717515
14891,14.427175900272324,7.2614444729743495,37.84962645772595,54.54058855685131
14892,13.08075764768838,7.355190569533361,31.790308747855917,60.45990566037736
14895,13.03847746588954,7.522706613944671,31.996011622047583,61.08007848098551
14897,12.312252297440685,6.535503710023666,24.079505652532962,66.385226528462
14923,13.691360765587403,6.63240434127288,32.219917012448136,58.50968188105118
14933,14.310535197598757,7.1695177821125595,37.167822718673996,54.15277902891631
1494,11.834590302907483,7.54562755585753,28.320927358851396,65.76735610540665
14946,15.16186821593506,6.929209256332525,39.82076142533043,51.34033883765816
14949,14.698164420802167,7.2288453603074245,39.06358552669043,53.03121761215448
1495,16.489966964740255,7.641143680287752,50.852628285356694,42.65194774718398
14952,15.741553804322987,7.018393613499348,43.814125305492674,47.07909585430956
14954,13.395196350124703,7.106472813217494,31.74284216569731,60.726142632485455
14955,16.281246960476505,7.003515207570103,47.54799480767917,43.496618159458905
14956,13.924896283521674,7.487371365447067,36.08141985856293,56.049739950359836
14957,14.166359213532878,7.0670573960334275,34.845452523904825,56.233256033122615
14958,11.742768873662332,7.263535077055836,25.913086703992466,67.51216576840562
14959,16.749788156490798,7.20810196822583,50.311212164274544,40.77447776040927
1496,14.807124859632426,8.115154815141507,42.52322936345761,52.43667347804295
14960,16.88390538283207,7.196414924857897,51.398247738442905,39.334710449462214
14966,13.036318911003264,7.1058412693812665,30.748459054886997,62.27619606692104
14971,10.415912041074657,6.734181412281991,18.98368069554243,74.65161527809427
14972,10.26716777084793,6.7705991319054775,18.66924469815548,74.97774913298346
14987,9.883014104469034,6.402024318291311,16.410175306268933,77.82089806445333
14989,10.355155045715154,6.499303283871146,18.368555953186963,75.59846213366863
14991,13.53739110687301,7.665166513109036,34.867992177314214,58.79889178617992
14992,12.826278804631627,6.621994071407091,26.068503721404923,64.33549896696786
15009,16.219412674520317,6.622217085560512,45.96337155852325,42.56907146658925
15013,17.119558968495063,6.772690692196993,51.67863321137154,37.90817654353118
15015,16.172727790158877,6.637443780506624,45.708449351312574,42.855926948190124
15018,14.453634622888544,6.910936039870125,35.89779005524862,54.74171270718232
15019,18.161136968798555,6.910901487296018,58.608282936538316,33.13429788971395
15022,18.238493973265637,6.704061200678334,60.69292978023791,31.449718790864196
15024,16.96032050966851,7.120637145125249,51.424095506907776,40.152875876132725
15025,18.419334335667656,6.688414983347953,60.63173242499277,30.719340363755197
15028,17.342078444575876,6.75005066167828,54.92614855622624,36.386110657949224
15029,10.289160569074998,6.327480637999465,17.253161230032415,75.94252839996496
15030,11.08420955529232,6.916829333747551,21.983864118895966,72.35498938428874
15040,12.170504029570923,6.422436834400797,24.0287844140408,67.87333824270377
15044,12.485429320791397,6.529377497723656,25.789100290228955,65.812318606901
15051,12.056740981831824,6.90455009758233,24.589576875300754,67.8734095054779
15052,12.995462772509962,6.507254081371908,27.102025274280685,62.28015897570147
15055,13.47724781569394,6.945731440276455,30.598727977191313,59.41223773667665
15061,13.503628223220568,6.7836668488278695,32.540692260273076,57.93056411736159
15063,13.553502826557825,6.828409724072631,30.882444458273696,59.966394921899315
15068,15.33883868061134,6.686164212334613,39.67025925961345,49.09292606654107
15069,15.9616215422539,6.610034360365806,44.016160322453054,45.260203793343756
15080,15.398173963305,6.583249855017507,39.98590100217201,48.72346911557368
15081,15.886855400044453,6.627042991188006,43.809067057861036,45.5967124627378
15084,13.314620723014706,6.875685538291342,30.600715168755897,61.10970795060284
15096,14.16207025869483,6.800571728293502,35.19252579924314,55.678079346007436
15109,13.656180180291873,6.8766888930118775,32.559469094007135,58.93886061475685
15116,11.857469965004546,6.323653937532435,22.43499793644243,67.9564430616845
15118,16.28730139061328,6.656232875771378,46.815541336925406,42.18092271426166
15119,11.641429616559236,6.680199341934617,23.27461625590751,68.95871577549507
15120,12.989468772186948,7.508375898955348,31.913394401383638,61.51858732090621
15121,13.035326693517257,7.505089988863369,32.134287518417175,61.32182698379288
15124,14.326501039065608,7.046368908678291,36.77926466194847,53.69162777760608
15125,15.451748368816267,6.779579524892779,43.434051525757525,46.585107407764184
15126,14.949662977646987,7.330585027720753,41.05503819773602,51.09239948697931
15130,12.586921852864828,6.973062604312639,28.152861238757314,63.599230195200505
15131,12.616335682897416,6.971454637627758,28.25641025641026,63.45167652859961
15133,14.720201779175072,6.540643243720653,36.27337436724921,52.13476127890484
15136,12.187350184832965,6.965248732635394,26.34189264858811,66.6040050129323
15141,10.238648305825256,6.279309702604538,16.97359843546284,76.43415906127771
15147,12.15523254838705,7.02573745643981,26.524993154644193,65.96945450120174
15150,13.858509853650002,6.502368866612846,32.44155903219938,57.16868291795525
15166,12.846557415657399,7.0184216719605805,29.752040403621393,60.79417590508882
15173,15.88756773816015,6.871924774629306,45.03504541254423,45.099276554506325
15177,15.276173866725934,6.7845414967860584,40.33076279847626,50.28523645823655
15179,15.119859815568992,7.126433733897848,40.42416710099026,51.04438118911118
15184,12.439674816783704,7.149364909577227,28.57809527228345,64.57802347704347
15185,12.625606462405687,6.793103366647194,26.951123242216248,64.13786644188443
15186,11.880340617174282,7.371075850683254,26.941694605907912,67.12063800662607
15187,12.625728651558669,7.246920148000255,29.60733761175205,63.32863449196869
15188,11.871505656972115,7.395765234274008,26.956892364724887,67.01259825349153
15191,14.793744293974697,7.203367698899697,40.242175062988075,50.774032615916866
15192,13.723566113691241,7.083175303900564,34.34709087492954,56.8021544435398
15193,11.929723688042706,6.786929357719631,24.724022231898164,67.88284711728095
15195,12.71946252172193,6.624451401418749,27.54188661923342,63.906102568025915
15199,12.224123931957784,6.536170239029231,24.44087223930668,67.08601248718665
15200,14.751998501079992,7.30437077804063,39.39543477512423,52.28089101070728
15202,14.951850452227438,6.434350555421378,34.31281681599213,52.76395134621767
15203,12.92474359693198,7.2599292389802015,30.019466073414907,62.75583982202447
15204,13.85565327855662,7.464017554325818,35.07281069220028,57.83762218232595
15206,12.871092603514057,6.588586528294998,27.12320764062639,65.39746243824376
15216,16.29972483097688,6.982140916877066,47.25626123287351,43.49602035338329
15218,15.767819018611462,6.91941950523811,43.05445887340711,47.00858853970529
15220,16.784344497991093,6.9176208682963125,50.6954869581535,39.56065866016138
15222,15.56922657409679,7.007796616609778,42.40326459229031,48.11508659428211
15230,16.45627305026771,6.72199188789352,48.44019221611325,40.696999870124245
15237,14.765205317793635,7.348011341642161,39.16838637732802,52.82053911327018
15238,16.489080978491867,6.693283954546173,48.57050032488629,40.67751962488805
15240,16.720435050557985,6.711825314763522,49.371670115802914,40.09070494474044
15247,12.264217180850736,6.767879408882969,24.87951969415502,66.94666558974774
1527,17.698026562919708,6.752714947150537,56.79025703912092,34.540383274423526
15287,12.661893944414857,6.690147792514204,27.43302985647092,63.983487090457636
15288,11.332768808129073,6.378100464331076,20.212457749879285,72.7420998980632
15290,15.015180218607082,6.5680933299576685,38.24166592979043,50.88204085241843
15292,14.976759096683075,6.683451769021918,39.46616450804147,50.364028509180095
15293,16.646718447094308,6.205512365511317,49.25095477276955,38.96895483842728
153,12.377868820474436,6.6587622758327,25.713883413123064,65.77020557589411
15302,15.1254754696853,7.223586517049545,41.42493802517627,49.87444061685071
15304,14.69642810264162,7.4055437143056455,39.27219947125602,52.59447410709658
15306,15.021998557504842,6.984538135175353,39.608539186790644,51.116249531842826
15308,14.014224220023785,7.3483128553242105,35.9587605290239,56.91390021725044
15320,17.547955948482564,6.5435289322184405,56.879456563014216,33.94582507067213
15328,16.612357055049387,6.74792380949119,50.184872415209746,40.36266946638061
15333,17.540445451155257,6.523189120440413,56.78658589732415,33.90569162381243
15338,16.03645510577094,7.180163008908091,47.61766008531668,44.138558008345186
15343,12.177417376184101,5.917579492611499,20.219080282774552,68.84020438160564
15348,13.357267701606714,6.9874402628911785,31.701525348154753,58.861225463255806
15352,12.204814116851164,6.970749711833474,25.728434747667816,67.35917290211879
15353,15.773031146539557,6.880398723040617,45.46649981972046,44.531167150947
15355,15.5831002342464,6.779577080280543,44.05598599150855,46.12367770874811
15360,16.031915286572435,6.855636011511196,46.53320821603587,43.691258173585354
15361,16.55916254878006,6.72458116817367,49.0801441058351,40.352586817859674
15362,18.11217893364489,6.4445716113856095,59.78301200706473,30.685545512563632
15363,18.456699406057126,6.3395721526738384,62.46493610579278,28.539412559181915
15364,10.620919717464194,5.862910762002249,15.874378671486669,77.02967314354572
15365,10.664746104499224,5.836456037524623,15.928190608150846,76.94207656857134
15366,10.573866877976313,5.873748182933945,15.760290708602218,77.12705970803835
15367,10.497921274816358,4.456183831992114,7.693810075194262,83.52841059695038
15369,17.13471752227367,6.979061532314694,52.97339496152369,38.53703267698484
15370,16.355642120263163,6.809610697257287,47.578998938515554,42.407664462045126
15372,16.686562351548922,6.821904187004544,50.024989067283066,40.329230961454364
15375,16.478074671728002,6.738295829560316,47.49101970162396,42.0398034840556
15376,12.864565980228818,7.802870393863202,33.429300073718395,60.95017034926581
15377,14.7546852508753,7.015788180145027,37.20191445311517,53.464707509450726
15378,15.32704306727811,6.910559357411825,40.65804835953231,49.285097886597065
15379,14.749617591697135,6.987123784548954,37.139279102689756,53.420450833061096
15380,15.055103979590132,7.006345499531674,39.1221394851891,51.579211321042706
15382,12.494777090524407,7.456752819944126,30.1301609971436,63.32446117891457
15384,14.394176515535674,6.793210653691539,35.253840479779356,55.12331227349989
15386,16.5104051706871,6.897656042692291,48.14011091383354,41.917099581333154
15387,15.410999458712125,6.6528016837286525,43.101237019568906,46.6612883207149
15393,16.971128550704492,6.848028674604945,50.94032509953149,39.27259529727471
15394,14.062862746052128,6.623595625057176,32.51141552511416,55.17706747843734
154,11.977530914355302,6.837183405667879,24.832901554404145,67.89766839378238
15401,14.3485942286393,7.123167597353079,36.65141273773038,55.40115034216382
15402,13.98709950295588,6.693339542072851,33.03818959403409,56.93408695278417
15403,12.288267438183635,6.907047046149664,26.807440925087985,65.87983911513324
15404,14.554080603543506,6.796375647302051,36.48444006966003,53.84896898109588
15405,12.950841566940069,7.216847252742266,31.019631740175896,60.929213742218124
15406,14.739200047102225,7.015706485792316,37.85686126351063,52.82696540622228
15409,17.014739852955223,6.761704519258845,50.476960069376005,39.26839843903978
15410,14.089910324923865,6.410649856525143,31.475214755866276,56.17306905656167
15411,16.861275497139356,6.864142858599369,51.13955555555556,39.39911111111111
15413,16.581815551499044,6.913969100921245,49.080320486155074,41.48053028521821
15415,16.506012408891973,6.898639296270575,48.86106013170679,41.68196048796286
15417,16.269873942987072,6.809529661170934,47.380219305352995,42.626802787230595
15419,16.059463196680703,6.724743771635128,45.885460105643595,43.55852098971365
15420,16.55536878681538,6.815562315990903,49.275430729289596,41.04555109747463
15431,16.534552552787833,6.843146538816555,48.992491995141876,41.37131500496854
15432,16.907664270942977,6.754181195253805,51.31921438712731,38.90795078088026
15435,16.606960214343545,6.745124629916627,49.501760248224834,40.66471746524255
15436,16.347269754603957,6.7621415842023485,47.980419051222626,42.06120228917372
1544,13.931703765664965,6.674284716757618,33.720187254684625,56.102077275157455
15457,14.250234504805448,6.7016838087550425,34.57260220382082,55.232444415465864
15459,16.807725001308103,6.838754207564499,50.86974467834189,40.25119405625331
15460,13.190525275272133,7.047694370659619,30.10684350005396,61.96803088988284
15462,14.5984623129523,6.978889873020435,36.62558231045557,54.69212119673526
15482,9.621835817823126,5.831133767698319,13.034236431744924,80.72480181200453
15484,10.12918702680156,6.086242249755133,15.278699982526648,77.87174558797834
156,14.185483993956586,6.950248014061893,34.756794630674484,55.072463768115945
15605,17.627835780149326,6.951736709469453,57.21241425840549,34.93421792421005
1573,9.67372274139447,6.163789101695033,15.147514411576319,80.06562005725415
1575,14.10238978503111,7.120749355614217,35.88713391048075,54.86047154172039
1576,13.415559649668845,7.948920273931584,35.9922005681312,58.00382053388496
1578,15.277493400032027,7.321125487638128,40.554071535372884,51.7371436251533
1588,12.795990607435748,6.382342547300471,28.078990418322036,60.243339565319
1594,17.879604816803848,6.577104488485609,57.02444439082068,32.88289375256389
1595,14.154688650052597,7.015011845730226,35.44986111254531,54.97877964911556
1599,16.378728407609536,6.742651159552298,47.314254677579456,42.39694341954937
1601,12.712571814996634,6.653714284618146,26.603097549699488,65.15487748497458
1602,14.457209344674748,6.820152750931909,34.22873328380386,54.54587667161961
1624,13.305762121701388,6.911966095157147,31.46266160674085,60.09841126905512
1627,14.712630088910187,7.130280598976719,38.5287791997615,52.96629117778582
1632,11.072428684651165,6.8248531278042375,22.492475497131686,71.31042111491266
1636,12.536776220074215,6.7156461380198635,25.132779173481257,67.23094302719655
1637,13.947432399774616,6.579307011113009,31.97503005946008,57.48357024031097
1638,12.023494814343964,6.158317331235624,21.780296602979604,68.91098516985103
1639,18.82315761533504,5.9295410501974954,63.79740019467475,24.834146779237454
1640,16.132553129656294,7.119940769017077,46.9470391935101,44.063027967438806
16468,15.930815679109054,6.7600403800487365,43.407024237246475,46.08236684728545
16469,16.13709208042381,6.75702225670286,44.27853238936421,45.49154809399719
16495,17.872589628561013,6.747443788361132,58.990968367885635,32.277027123432305
16497,14.39058893159961,6.9851419939642385,37.828224247445455,52.96989781828224
1654,14.178693214747783,7.650426136748379,38.35601047155714,55.65542734514567
1655,13.94953031794527,7.113022180564456,35.603277762079685,56.0295172473754
1656,16.363066164987636,7.084170515008222,48.90517755893763,42.2224709042077
1662,11.905901431450815,6.618355115518066,23.570211617059705,67.94555492454218
1663,13.95231274090435,6.59831631806541,33.68447649219646,55.6791899088453
1664,14.868088178167655,6.994045953789117,40.45056468021112,50.02801285642674
1665,17.10678084162888,6.454916144080942,53.54447763729807,35.301779671815495
1675,15.499679622931534,6.650362554560814,41.39867123176001,47.47289475829461
1686,13.906470882615567,6.698768978270208,32.738641276268204,57.708326743217455
1689,14.5470328015853,6.772045291128384,37.19139710873155,51.90809534904924
1705,14.963417987371022,6.586894692178475,40.56096398665668,46.905847913404585
1706,13.71024641427975,7.2862163592972875,35.14153280412212,56.223369702841666
1712,15.479858213923686,6.671480143745909,42.13659179637986,46.99285098615829
1715,12.43387505772482,6.9023730234584155,27.318651566678774,65.47198467989567
1718,10.939948638513371,6.357111818119234,19.090407108076903,74.49257902046416
1719,10.423080231183985,6.063425248793315,15.687865291322417,77.6909449144825
1723,15.065726932185049,7.35584867879032,41.44335774746722,49.89912723126179
1724,11.78006118910438,6.301672135937235,21.606276747503568,69.60057061340942
1725,15.4751472800555,7.4085480045740555,44.10752826035857,47.86417932773468
1728,16.17322182736667,7.113514893949627,47.25368380918205,44.10366250252316
1733,15.04963364320501,7.055734459198032,40.54224199437613,49.85380730543781
1736,16.772465604596558,6.728547930626445,49.17640579011687,39.80963527771562
1748,17.36202602871882,7.086768228882078,55.23830819243537,36.87541925385713
1752,17.419138252050736,6.887165470569026,54.52893674293405,36.662180349932704
1755,12.704056712373687,6.689959023000803,27.469441984056687,63.99645704162976
1759,12.783907806429738,7.182730622696704,32.157500415256976,59.75941322003374
176,10.214191635487119,6.671200816794825,18.431921357135543,76.96009830358057
1764,15.166498627370702,7.013393616283976,40.91252193071932,49.4104206617977
1765,15.577918210510665,6.797657012457638,42.88773386683288,46.21339311745368
1768,10.438753700169212,5.876530592768974,15.134640626864485,78.0617318324649
1769,14.821747290450052,7.540901523124243,41.79927964960241,50.65400233465365
1776,11.173847230215696,7.023850204482214,22.837746720608067,71.46775775407626
178,12.45829453549689,7.565287981577644,30.63016094583004,63.312086914111774
1787,16.5220227354676,7.1708881005150555,49.979658694302294,41.517675524056266
1788,16.61880978426515,7.148305181882488,50.425950196592396,41.08781127129751
179,12.557967517325185,7.274634015638134,28.110321786846526,65.46202412278733
1802,14.806115682620957,6.858650586806735,37.8497830802603,52.156543745480846
1805,11.41913801620378,6.941699177737367,22.92347939829954,69.95403677058354
1809,13.58978255809583,6.138999174681394,27.636787558129107,59.63181695896693
1810,14.145459296895813,6.066320440602577,32.695962304428186,53.50662536120584
1817,13.110831849407296,7.0558422920531925,31.105095285319894,60.54303251226245
18191,13.953849584384677,7.34282695952427,35.519035304023575,57.050279665604144
1827,17.496838878737297,6.517957085520168,55.385180649112066,33.988977342314755
1833,13.387883009968819,6.667158561832334,28.43713782890501,64.32802506760527
18392,18.02028217067492,7.155913907931002,57.895078983293246,34.711478038527375
18394,17.093289487662858,6.9236418940658355,51.8371182458888,38.87235708692248
184,15.23665923480526,6.711623007646883,40.28723585634196,47.50223149364651
1840,13.065628705184313,7.235724396742685,30.560819613881325,62.34158474475897
1841,11.40974408813216,6.006648208322416,18.78465237230754,71.97389725724939
1842,15.43594019384317,7.010644773063719,42.929859824062234,48.09313738286043
1845,12.502354058763578,5.976545221122014,21.26047242262043,66.57115429369328
1848,14.474192474987467,6.934403107041997,35.888285877134294,55.1470770450772
1849,13.352039055424923,7.100291590752735,31.184956399856112,60.927324824172956
1850,14.034043102888925,6.8279191284374585,33.62344428004824,57.38601748125676
1851,13.564961131521242,7.223045027622927,32.75703666583145,59.23494529357721
1853,12.844347823747626,7.013676308584808,30.189027769226033,61.748660796748965
1854,9.348592760046305,6.103679025685505,15.310604222276147,78.51007037126911
1856,14.007727527647129,6.596161564048787,31.777140869104226,56.945709978297245
1859,14.18845340582266,7.061903066420803,36.92095510822875,54.21755242988293
1860,13.519151344483895,7.117879723248128,32.56812428649427,59.37774027564071
1865,14.101393724740017,6.77220966633533,33.392731628602256,56.26503519348994
1866,12.150872409088798,6.688211876719978,25.12109356806856,67.18946485957804
1867,14.273322326872805,6.685831231023775,34.87297652713286,55.02100571401971
1869,16.514619364281785,6.669345873660746,48.54612649048183,41.1965692768984
1872,14.76982103731579,6.628374002286597,37.291239833612714,52.35767057800956
1873,15.739911514564612,6.8300925569996895,43.72394627142195,46.528410703880226
18743,14.381274327968322,6.414965262197795,35.22704689984102,53.52245627980922
18749,15.746611917573325,7.1906561202108215,44.198395217117685,47.227029578351164
1877,15.816717945288504,6.86932000263265,44.242607891295336,45.67637395936334
1878,14.560243798409005,7.056915063173045,38.25011309217402,52.87410111220303
1880,13.106260744031378,6.655067121514311,28.715625862227533,61.29403108617677
1881,11.807534372527348,7.055262933324062,24.506283662477557,66.768035760085
1885,15.71718122184937,7.088797393605888,44.057959304596075,46.46170834511641
1897,12.221879516284403,6.765026924478514,26.159657339201242,66.12106093055
1910,15.631007530200579,6.0449251531211035,38.29443385955362,47.330906369080026
1922,14.300389347600095,6.5141740083217075,34.075469405116365,52.62441514249255
1925,13.351255208817149,6.76000079763067,30.540127925034877,57.07799215603696
1931,18.163076123726956,6.290797005236112,58.68622246870544,31.058865472983676
1934,9.839517408731176,6.359968950236358,15.812960807140087,79.3278144267667
1935,11.348908223001025,7.014491479696256,23.407684189509112,69.8272911377963
1938,9.79483690416741,6.354536065692082,15.759523943503462,79.48553823645264
1939,11.33290728257354,6.998625463418261,23.264120189922753,69.97377932109701
1943,12.136444999288518,7.570927307349865,28.790858100702728,65.2206498613887
1944,12.103360493276433,7.428748280879206,27.818143906585828,65.93686844384563
1946,10.371859864562134,6.271971721434659,18.02525329890365,74.6175897761341
1948,15.02282116316444,6.852567759836335,39.44916188795765,50.09925011027791
195,12.490876691878015,6.681533452695313,25.375915809475085,66.08810041474065
1953,13.969287380844305,6.264035061558473,31.27283463113998,56.258380386512655
1956,14.810814943863264,6.488486865156989,36.580671580671584,51.49058149058149
1965,13.324095420669213,6.724537922930922,28.865717192268566,62.02611054594777
1966,13.260005625106949,6.817550935732366,28.92895152707453,62.50846583029639
1968,14.787361392668899,6.826694049437731,35.839607478216735,53.65705101091278
1972,14.626466488964963,6.786155787715052,36.5901148921355,53.658882541811195
1973,14.061817786118535,6.5549121644743265,34.48212983223924,55.102956853503905
1974,14.636433302172208,6.5870314088958555,36.01038126783384,53.24558007484836
1975,16.04791292420685,6.796891514406966,47.72997032640949,42.688757006264424
1976,15.260064937495326,6.723446634691064,40.95978571343913,47.29000983727022
1977,16.07930881931266,6.6068263853782945,46.95507845150813,42.557256465980466
1978,15.639741225019707,6.677003909027471,43.12529812935914,46.36249951654698
1979,19.49196699773724,5.783243481821472,68.00991583073908,23.204196933010493
1980,14.25807574920658,6.9129114068043584,35.551466300361554,55.00926561872303
1981,14.324588677628245,6.909050428812771,36.78156447764291,53.392468098350456
1982,14.778248910497599,6.708919262929632,37.12470825376618,52.83524294504562
1983,18.99237121209267,6.268604170021882,64.22039454765054,27.736239719330534
1984,12.419749302171768,6.694551113829518,25.722947761194032,64.448960554371
1986,15.252568532340662,6.9056729601589515,41.43056956055037,47.108284812802914
1988,14.540177529007988,6.798147920253798,36.32563899686952,51.44999827995459
1989,15.10648524969416,6.714548887800168,39.5320713341288,48.19568512367377
1990,13.438502689864855,6.486489461970263,28.433730942150405,59.64961759875243
1991,14.602825136894513,6.768722785024788,36.9503892082211,51.98421956858337
1992,11.051245111825267,6.66440322271371,20.877263877153666,72.8325557474009
1993,8.635195972760823,5.463467294629391,10.230980259798704,86.0001211586226
1994,14.764091193665529,6.300923423287325,37.52674189353581,49.76886614371408
1996,12.826858646853596,6.299900799049393,25.80100525917445,64.64709192881678
2000,15.941065646421736,7.0301427743369,45.23765625576164,45.630984426662735
2001,15.787700668158662,7.028497584387609,44.613517092549905,46.32890283976654
2002,16.042448460302865,7.047424430262898,46.03203784731159,45.46457329852557
2003,16.673892721899,7.6008661306050245,51.52956771485382,41.59216437145592
2005,15.812741415247162,6.998761397385009,44.4032687191182,46.61369251235271
2006,15.451128539756763,7.005718652246934,41.7028051374054,49.4148538025592
2007,16.83583091436857,6.960316093584813,51.44588497208233,39.77046799290451
2008,16.163148268239993,7.795029773822678,49.06398435317128,44.33780385582565
201,17.856261665920893,6.477186708764177,55.92887330911558,32.71375464684015
2018,15.959884096030764,6.310686229432754,42.708392732912884,43.675512927249294
2019,15.920968451498782,6.309940409476921,42.50166229024151,43.97123956138077
202,13.736474640269211,6.610228083302378,30.9742572104276,58.23524614673662
2023,15.843372949922085,6.309680897759941,42.00347762793425,44.82702844780525
2024,16.140429564553024,6.631419579202962,46.60147289629361,42.875970864018676
203,12.939261383273035,6.561189694412759,26.91584769883465,64.12652381719563
2030,11.380487423822704,6.113923244407719,19.308534686291253,72.66413824282915
2038,16.489200609649917,6.66303440451214,48.56610847921364,41.07237858789553
2039,12.686250781673463,6.287170592765024,23.91229829751038,66.35012124366804
2041,15.71388059971281,6.616797466876359,43.82623062345109,45.77967831284319
2049,15.553315099607829,6.5388378034430445,42.72054741755316,46.664174285422966
2057,14.87154528415157,7.048931233591894,37.7501507881494,53.067526084099285
2058,15.626870249367425,6.9420693900469255,42.437164124303216,47.87709870155879
2059,14.552703202303109,6.824513253257704,36.05854614489559,53.776366324593404
2060,14.324668263779847,6.939946522360725,35.0662892894384,55.50424549381796
2061,13.326869094895137,7.17422228701278,32.096356385698215,59.921946896622245
2069,15.003663103525628,6.985933109459399,40.30185322999292,50.08712540613145
2070,13.211230096884746,7.448622525290194,32.367979989620466,60.25744646457771
2071,13.413929391639083,7.009949988686854,31.134181736994865,60.667240774407546
2072,12.925557058292666,6.854161232622016,28.406074841642003,62.91327832848579
2073,14.446119159401174,6.868879362204338,35.626568966687024,54.69587488974829
2075,16.77084894170209,6.878260866759028,50.605839416058394,39.95099061522419
2077,12.449378197894179,7.3439649181357725,29.17002965916274,62.863810959303734
2097,14.258317136163393,7.199507185289086,36.48703553224496,55.5532983674374
2103,11.315582182657328,6.272670261565877,20.163235973512652,71.56936795559042
2112,15.392579974786905,6.5379822449092355,39.86695817057123,47.08271595983877
2113,15.30526025072667,6.571532083416173,39.72628074717958,48.137188418305485
2114,11.577389933829862,6.535307558648775,23.112784032046413,68.73172640836154
2118,15.406557376301079,6.478581467757938,39.58510527953531,47.626802198942016
2122,15.538110762642566,6.597239559441301,40.05256488477965,46.292298305721125
2123,15.10961547097055,6.763397046123847,39.13021016304685,49.68692525469612
2127,14.57449943937728,6.492459991821207,34.39123302651964,53.01307755399617
2128,18.601815252051757,5.95613812364412,62.203804390160315,26.58243624296998
2130,10.846760467561978,6.492798795042975,19.60327902034207,72.88848407156271
2134,13.547573560023416,7.368072755109588,34.77576298317894,58.04314168000629
2136,12.833854622048655,6.421057120175436,27.55294588924848,61.565870062512516
2137,13.515977038071048,7.607071235288706,34.861053724480605,57.80334572884552
2139,14.505154756747345,7.095152866972944,37.29786535303777,53.983579638752055
2140,14.835228938915616,7.219851034913101,39.421551531996904,52.12460503716911
2141,15.091226728077482,7.283941893005253,41.05443870731004,50.478337221188376
2142,10.118925169601447,5.600398311492674,12.904611462143887,78.87983593836604
2143,14.832347957822629,7.264866781580201,39.56218984059287,52.077821216548855
2144,14.445565363253817,7.383124490764086,37.90768744401707,54.530006849675964
2145,14.79748540917929,7.277491524786846,39.581931192842156,52.25332224817557
2146,9.996433813763698,5.6015796629495345,12.869072472412766,79.2560258113494
2147,14.685315881884604,7.163656350432875,38.56860149666461,52.74890895508696
2148,14.44908030962245,7.198676133239212,37.16130217422682,54.671897757541565
2149,14.170649097867976,7.178945388785633,36.03419609075318,55.48616838825393
2155,16.54300697990933,6.425017347277553,47.69031200928518,40.09148631119
2156,12.604162009714319,6.410994730641631,24.780801209372637,65.08188460569413
2160,14.394135933818777,6.672245845229334,36.16157547749772,53.73836728637145
2161,12.083570269842909,6.831772258422457,25.80459953430513,65.98088311909243
2162,14.277499202945785,6.414903885423998,34.2184262821868,54.37825039110397
2165,13.505626224373065,7.07653264077456,31.876991916249814,59.87990459908398
2166,14.808126184839658,6.9580572003285655,38.198978670998294,52.097334140204474
2171,14.062769503113097,7.14348401461421,34.47388234336528,57.24314754898968
2172,14.960640809712224,6.755561263750539,38.57516097841964,51.071817976094955
2173,14.611895252015636,6.846437563166723,36.20536600139946,53.602573341270585
2174,14.165294613315266,6.618288128079894,33.25628935663143,56.3016836677042
2175,15.70965207734276,6.963038031106416,44.557193324400046,45.95444024850773
2177,13.786525492334302,6.252530400506956,29.36454849498328,59.65811965811966
2179,17.113568748159118,6.707174174014262,52.5075175824449,37.41022391212505
2180,17.204519721536762,6.992789047332172,54.15013005409762,37.39452185275189
2181,16.479542322140464,7.068726197861272,49.51088748580291,41.83530158885239
2184,17.253319217279355,6.7349955234358205,54.24003389534812,36.0075766072252
2185,17.232960504376724,7.194531450251326,53.93252893376016,38.60132972174341
2189,12.915356659105829,6.48838219441539,28.10488266681967,62.96632050031556
2190,12.110541929475238,6.465111019665581,23.86714618151047,68.52654960863127
2194,11.380680645752848,6.338591662433749,21.565304512800836,71.5642386647055
2195,16.98576879791963,6.950085920842928,52.69371902401831,38.51982462828822
2196,16.98516263687286,6.9068919594012215,52.35358381228329,38.52420082648554
22206,13.498975060424442,6.8995355847874205,34.79548445884378,56.208869089804594
22211,15.659206305455331,7.34205506701388,45.4821260583255,46.86853245531515
22212,11.453626485056786,6.782534919794622,22.997463741350867,70.19896087266997
2224,12.339039477247196,6.8538951600037805,25.28639779846351,67.82858870253197
2226,11.988059570856029,7.040493861590284,24.626005397049962,68.47965626555582
2227,15.503185599202197,6.6791832138402505,41.386125347536264,47.879610089438245
2228,13.318466038528848,6.7123159658302205,28.501963903942723,61.733207378312535
223,15.328621645653522,6.919381550873565,41.655683029420864,48.580532028286214
2230,11.97496538637955,7.055963291504474,24.729386697531268,68.32870802698899
2231,15.65123374237215,6.647813415381116,42.21389622988659,47.205031278225675
22328,19.048820296352552,6.970974050699124,67.11509881773617,26.741787369962072
22330,18.680048657517116,6.792659751292419,63.34822613465452,29.089622224188265
22331,17.873210610480346,7.0508553110380445,57.86307648238327,34.26613489632682
22333,17.379204474853047,6.791859179801217,54.65844206471141,35.614208076314526
22334,13.710483240302949,7.853330142981614,37.600493947852485,55.62187262834283
22335,15.703784914984649,7.063273306668837,44.22513243875548,46.449027886089226
22336,16.946364385032247,7.257554072425781,53.03264576548125,39.20781656084482
22337,16.93661989247029,7.254766073214918,52.934277446509995,39.260347246580146
22338,16.967096384850084,7.230383228428515,53.035913841838855,39.13162565462235
22339,15.331689479101957,6.9773061797587115,41.803936642887024,47.951973409006115
22340,16.617994301310635,7.2878334865841845,51.16820283553296,39.94447336456707
22341,12.703682260244195,6.882020807624794,26.138142158262053,65.55403529840241
22342,15.27203748642471,6.530694233609879,40.664853101196954,48.354733405875955
2236,12.87843008549932,6.300393061741698,24.5975510891652,63.141049262484074
2238,11.89795695386163,7.0152051269932185,24.124349601528024,69.05091220443917
22381,17.015386613829623,6.871455232343117,52.359435655549525,38.32178486454899
22383,16.24955863190243,7.026220032334892,48.51179175631777,41.69408935577775
22386,15.557234114434532,7.04407396523466,43.99047996826656,45.96614246778672
2239,13.507972975160465,5.820186590151951,26.889895217003275,59.28668231249793
22435,14.668735258523064,6.858754455420363,38.267984177833924,51.75592955225676
22437,13.47378336094496,6.165382464311394,27.772524355111827,59.62439249664636
22439,13.093015064786528,6.077396141609117,24.947131832726228,61.694660038308655
2244,10.145992761596958,5.873306737862671,14.739304559804376,79.1557207640303
2245,10.27150070755707,5.904607511392555,15.4435724448116,78.11739868741108
2246,8.759530853617484,5.899715116046604,12.467754443160777,83.33676230870275
2247,9.837494736415104,5.955596568774248,14.471832063404634,79.86397992594632
2248,17.524237263822222,6.716354155646948,55.36877983596874,35.43617402418832
22483,17.48043030444701,6.513216438569308,55.517467985720124,34.77256984530131
22485,16.424766851590352,6.976684641582056,47.68833211617325,40.87691702713331
22486,16.173532917609542,7.0723521715074575,46.12434141201264,42.80997541271514
2249,15.908962427202159,6.738158820093676,45.49226513676877,44.44933920704846
22492,17.858383843059325,7.074198081182798,57.38108115068634,34.50642560972469
2253,16.80518621199297,6.742746745776532,50.43332288369553,39.75648973070272
2258,17.796725097688324,6.746419708028999,57.353743945922716,33.88076516568137
2260,17.196409920795652,6.946975698008991,54.15660331128146,37.270001283442426
2265,17.798354255017134,6.796050651411619,57.53769727361132,34.09919040198709
2266,17.007487132639994,6.19179371881784,50.55501855258645,37.01163044495026
2268,16.750657263217143,6.994795662609308,51.36343961910258,39.75015630260184
2269,16.867547202459612,7.008631654328919,52.05590989279414,39.19490741311884
2270,17.343147056105845,6.733751072890172,54.476291813526636,36.476690829287755
22728,11.926151171679003,6.149865305883995,21.375064972125685,68.22226072422262
22730,12.303595383995042,6.167503923179375,23.265798413242894,65.63796709194118
22740,11.626537459654058,6.003136176757845,19.758510507558068,71.12418581786899
22751,13.64582822645204,6.414125239948553,29.719558717393546,59.070007217238896
2276,15.583165153198928,7.333289087874148,43.61602982292637,47.494106682747656
22768,12.322852470000162,6.208981622039996,23.607089972815878,65.31482750237585
2277,16.183914229394567,7.6198511487806435,48.37841372245592,43.53000152568601
22784,11.936368803789629,6.16263663172146,22.00304279416928,67.94533373210407
2280,15.40997254881964,7.06987551512149,43.56658057540994,47.40825274791279
22804,12.286872974449066,7.176151717387066,27.52266685534655,65.4008268221928
2281,15.10308205868777,7.581970405929076,41.90824089279131,49.64755297876381
2282,13.908957667922307,7.753547001175308,36.310481410391546,56.860569615337674
22825,11.915252668221429,7.000281005575542,25.61686995040085,67.44548772498986
22838,14.620115715618837,6.88117725884047,38.28143799027865,51.87328552865874
2284,14.628809833511028,7.8381329364406485,40.64513272377073,52.867010560340056
22844,15.123148062823034,7.283802597689676,40.902475659773835,52.21922157972154
2285,12.001313937323689,6.246310355868442,21.843180118506584,69.71034919173906
22855,15.687159989158381,7.301493281075652,44.5525822706518,47.9161739826454
2286,10.331408421126396,5.95270710768746,15.426567978184652,78.15002380643207
22866,14.90726744648021,7.43872624714923,40.705707721096225,52.568040235920186
2288,12.325794022084255,6.464412950881835,24.15453314145433,68.02357572166258
22886,15.0091252032781,7.157030703154557,40.11681476738557,52.45342245404713
2291,15.415400992672053,6.105554953696204,37.74941653876075,50.80107651226845
22922,14.560082872859248,7.568319322832771,39.4223357101561,54.185938202608085
22954,15.257635495125664,6.401351876208329,37.849204992306376,49.32809027184134
23,14.426091259374257,7.168311733328257,37.77794139302018,53.597899180287634
2300,11.702274803865903,6.536562968824117,22.129081208086543,71.25654706544617
2301,11.780124054458913,6.518374914185484,22.274370394040464,71.00916698288431
2303,10.575616269326945,6.416699810798482,18.53800108833666,75.318943104178
2307,11.707014441700421,6.50842893361163,21.932216217265168,71.47375876890834
23079,14.385638678445448,6.669844533402054,34.991937341626354,54.43331029716655
23080,14.871735046594157,6.690752505865236,37.98651412689247,51.39311613705092
23087,13.77577189678102,6.95429535814042,34.16354890432924,56.29431676465349
2309,13.181503460847493,6.126656297251002,25.176276640117585,64.34246330466561
23091,11.502467446806692,6.059818633786073,19.06107970291542,72.27358385988249
23093,12.523058902314881,6.660519784389515,25.499122360002264,64.98273030972199
23099,13.937847254385266,6.596604369697769,32.43524501114987,56.91348847847218
2312,12.075808887914432,6.304619434074444,22.16111228630219,70.71017865041057
2314,11.948583816409585,6.36025747080164,21.269403973509935,71.62490066225166
23147,13.360900189615991,6.240604946120267,27.6733657615961,61.65676219149151
23150,13.109467285471904,6.656041764327885,27.48000434294814,61.47322451835498
23156,14.085902805557597,6.895733605290233,35.99100372097405,53.93175074183977
23181,13.138898882529336,6.346475858174302,27.302635259889218,62.39131651093829
23186,12.672547578798895,6.67151199365379,26.282100816526288,62.924039873271
23193,14.266691096815205,7.144791648886389,37.470556745182016,52.6017130620985
2320,12.930634962716114,6.004822589122555,22.962726062869464,68.31044763801054
23203,11.354948556564858,7.029813477059938,24.37958652252821,69.81081827507299
2321,13.159350925497552,6.15308989318456,26.0212968094371,62.90475813474784
23213,12.954072532935557,7.2286808725680896,30.52578163026481,62.499352740754546
23229,12.282093339252844,7.378706880272158,28.348739372761084,65.16998701793088
2323,11.34282510668619,6.450941423397743,20.515751406639534,73.03193638343369
23246,12.408044924171033,7.4051362955818805,29.07953047647712,64.7058213029174
2326,13.362621614898282,6.160669046595715,26.00846564974837,63.394842585729336
23269,13.064318843163072,7.167704109350808,30.56372518858521,62.109447103848005
2327,16.87991264313349,6.345905503312415,50.71466342549111,37.97700133382793
23278,15.061380580682055,7.141689132773874,39.808674485002214,51.18924391159442
2330,16.487368979547707,7.0825778941789235,49.650374888345524,41.612155224526994
23317,14.240303968569558,6.507444610034715,31.603176797048597,57.76284593384863
23341,14.237371598129318,6.506827984021153,31.393127723048526,57.731848131693596
23344,12.6027777312285,5.958030123074931,22.29234265075065,64.29216404211195
23383,12.664818108942507,6.191268955906663,25.344237158190648,62.662918476871965
23384,13.537754170702787,6.387136539000395,30.900097274251298,57.41767907775731
23395,15.156627208415205,6.738356836106778,40.92720910291766,48.80883409422725
23399,16.676804307001944,6.701125595014101,50.6962517775214,39.74135386761826
23409,16.959905818829448,6.858826470716269,50.732007085105614,39.653697388873496
23417,13.256658175040386,6.3826381269106705,27.44511940346479,61.59804583293157
2342,19.263722095696533,5.93568134628068,68.27186892801,23.660134547975435
2343,16.932183838944553,6.9573251230047575,51.23397926599886,39.89501771576047
23435,14.537477203346569,6.639868773402082,35.553467614070115,54.04545187621117
23444,14.852168876615302,6.741760982529559,39.670004794119215,50.549992009801315
23448,12.921698498282291,6.913510255249375,29.025596014095235,61.86671485549804
23451,11.099637480818881,6.223420966734088,18.54701316963682,74.17453149084615
23461,10.668763288333558,6.009407919201797,15.644396657054886,74.94420279230405
23516,14.130741466482672,6.868617268463381,34.52593351139639,55.41104061315626
23517,13.959858058519037,6.857701880371199,33.916179789500326,56.00071713315475
23520,15.562766605395947,6.969328920454602,42.347630227719556,48.03966481513295
23522,16.52383791778195,7.203927041255652,49.55417066155321,41.90220517737296
23534,15.537903831080776,6.969391259095603,42.21838386072987,48.17020769695474
23536,16.515012887275038,7.20281343584589,49.50428082191781,41.97859589041096
23553,14.047703135503536,6.765825133994109,33.8091500227733,55.636634977856595
23556,13.894822089319138,6.863495239277669,33.754403721509625,56.02506958366584
23562,12.351914262842042,6.871633965927971,26.066838615406756,65.68183579264311
23566,11.793516251168068,6.7703527168343545,23.59969475635016,69.02649078818271
23573,16.498551354906674,7.126937685161769,51.52468513597442,40.3514666503762
23585,17.180262696924054,7.327510620715506,54.61102321970777,37.72539231774544
23588,14.887221012973509,6.310588031754386,34.73539378226558,52.757499260876486
2359,16.771384582926025,6.978637722606743,49.54458359945572,41.785843214573326
23592,12.462777438361606,6.90358759996166,26.090517583027296,66.40201854738567
23593,15.075017287061362,7.220488590776815,41.64380099646184,49.028810744458085
23594,16.152400720078,6.912120602718301,46.63467795816016,43.78519553314996
2361,14.907613526781008,7.55157582879648,42.00218447516101,50.65722571654552
2362,13.961592339580505,6.988650908176429,33.86413148183826,56.813432725224885
2363,14.766034525720528,7.215447442259893,39.764321828098254,51.02989768700983
2364,15.526319201804716,7.137420425782772,43.6110058476925,46.86476003655737
2365,14.749863010286418,6.9650618191535525,38.707008436080464,51.66774821544452
2366,15.085976008876614,7.315046867927643,41.455825759436664,49.566408372598495
23674,14.201110371459393,7.085689950475725,35.272080424763494,54.711209336172274
23676,14.463590156647937,7.420549948341883,38.410389204804225,53.85105856940233
2368,15.358878835344438,7.358877673317126,43.452189909585506,47.72006732161728
2369,12.103654052449537,6.994238274267191,25.334671082173326,67.80141445891333
2371,14.170316620756594,6.740338197876321,34.6013994118414,55.323125063379166
23711,10.388918296310047,6.657444706038417,18.731351530555862,75.61793199985264
23712,10.263465672079347,6.673407722983193,18.48348165305376,76.03315860051201
23713,14.756420495361265,7.335745511840862,39.74504060710957,52.70436692850487
23714,14.075210272958243,7.140666582379576,36.601763639016866,55.387854656132085
23716,14.528355343120028,7.226838921325021,39.455409167589494,52.6965629301512
23717,14.387524180820474,7.266166267606508,37.47125001300905,54.6598395204346
23718,13.607693992940996,7.673244856218884,35.5337192085072,58.570467088437205
23720,13.130135090856134,7.233243921725621,31.339332033416216,61.035580758841526
2376,15.461190573561403,6.540523646245991,42.58317562589388,46.38548995247107
23768,16.487384499124197,7.016388494614538,48.84782951026193,42.227704582436616
23769,17.317238784703573,6.954622017452573,54.44060466003774,37.12553268174783
2377,13.305329415815338,7.082598113954824,31.862075692547798,59.9841145978485
23770,17.276437593063388,6.963693088684805,54.209661313139726,37.41574436215361
23797,14.943144278348823,7.77475741012421,42.32573548900079,51.2152133580705
23799,12.418552534566754,7.06230147187387,27.954417701466603,64.83008840513055
2381,11.378500394650214,6.359925780906416,20.198275862068964,71.83908045977012
2382,10.65732647209226,6.016137348637771,16.54460681820723,76.5175486655411
2383,10.74647093250046,6.157260820388075,17.535608707336735,75.66066469587028
2384,10.767606924851204,6.137663247225803,17.4719528002503,75.49948598757432
2385,11.406864748100151,6.376686859717992,20.343778130224184,71.38754340091731
2386,10.738693934831375,6.19525405592526,17.707004956808127,75.77152108584039
23865,12.617080738837,6.596209708596697,26.590647442574422,65.0205580834384
2387,10.760381825892875,6.180143593379101,17.635774953983987,75.63147273412724
23871,14.743682299748066,6.668305620919098,37.40864799025579,52.09130850878719
2388,10.580940340381767,5.998306130302901,16.01384021647518,76.92853657454643
23887,12.75343258678069,6.564420882529691,26.875681390201194,64.56770953781096
2389,18.126702815688667,6.722991002205905,58.76647834274953,33.058380414312616
23901,12.64448869352852,6.591235699079856,26.649466349122342,64.94001940548645
2398,16.989806867791167,6.302123972445994,52.593356918238996,36.173349056603776
2401,19.008794361887134,6.743225457957944,66.27841396728869,27.44415291434737
24031,12.911607206394393,6.560343762087849,27.15338088505735,64.06301489268972
24033,12.426136635082953,6.540784081590933,25.215194710084166,66.6737425305412
2404,17.116092032204875,6.291383575679946,53.62210689370555,34.84504143911898
24042,12.293291546859795,6.8090937017474085,25.392156862745097,67.41914947797301
24062,15.86493064644306,7.087292465165325,44.79917470918,46.37781487966771
24083,17.12060107447009,6.967230249056435,52.83988271330209,38.32172683718616
24097,15.429251409326298,6.992889228662834,42.6355530564704,48.067314643746485
2410,18.891751497572205,6.357344282503927,65.2411472913904,27.1302981189529
24114,15.490718192762811,7.002711691425906,43.19251316636987,47.65960671390141
24131,17.255015686328843,6.907212847536081,54.067790059519204,37.028162118986884
24140,16.095537779391474,6.993359989480451,45.43432096268582,45.19254635545464
24143,16.029620047729917,7.038881819169662,45.2133561989307,45.36925799913796
24145,16.121526467492583,6.995401218012551,45.490585648978545,45.13645520019868
24153,14.973490269748893,6.841783017589554,38.90574888708056,50.5586137571203
24154,14.858883370351737,6.807014531671941,38.04919677773297,51.795410426415835
24155,14.81330402324298,6.823345296967866,37.84895290438738,52.0202785937648
2416,16.77853083188309,6.812754365938874,51.07029715673019,39.7021524371589
24173,14.989177468121957,6.77597875267832,38.58942346072089,50.608471256579016
24175,14.894794201408194,6.809948201986375,38.2104147688189,51.37202773801335
24177,15.543713589741168,6.691153585821793,41.666435062949894,47.27402425354122
2419,17.64807504983022,6.676850495608468,55.155301023111726,36.1778013288224
24199,15.08399535132592,6.865911071285773,40.13653574023788,50.181665200596626
24202,14.723936820616604,6.74333320221604,37.466354974806976,52.72652764713004
24204,15.240207903536305,6.756936360625435,40.72206666232546,49.30556201568416
24206,10.61414458309571,6.023692911833617,16.33760460251046,77.47907949790796
2422,16.58048651636007,6.577300217836348,49.66120863450853,40.014751438265236
24227,17.74209375542363,6.664444912896174,57.61647288397431,33.647044475160584
24240,14.993663834425819,7.2393670306438676,39.94619253713885,51.82769914609896
24242,15.559892446338647,7.141611647650876,43.04120460653336,48.14157231423
2425,16.331268747766813,6.184306147258767,47.05977022878083,40.91314251757948
24263,13.51332206020622,8.147160160651426,37.609944414226774,56.65901643693867
24264,13.716979168081261,8.018899538228965,37.77656704716091,56.438945955642964
2428,18.230561933869645,6.811585254060327,61.81545215700102,31.02373667868476
24288,11.20423479400189,6.535135521233419,21.371273071462376,71.31329862754377
24292,11.231179938954888,6.54233739402212,21.53664998528113,71.07447748012953
24301,14.875086719540528,7.0814531173042745,39.721417219781245,50.37549468698389
24303,14.386943019042443,6.765298103073863,36.38036809815951,53.016871165644176
24313,15.427531777447463,6.717175204908021,41.980745679132504,47.642683925805166
24332,14.630091087761851,6.980117177548253,36.77915778028687,54.02918914398026
24334,13.468057249819227,7.050383793163829,31.139194939768327,60.54793463867426
24336,13.80089969595189,7.098909444292485,33.22224216166329,58.21647396621119
2434,15.159200037611841,6.883240179993031,41.1219859314303,48.711547659321305
24352,16.36932246646773,6.981298427978044,48.630765930057926,42.24844453979833
24363,16.028210753821877,6.846940086298887,47.18016347960237,42.71619990793386
24364,16.23599345255203,7.05837309156099,48.23427760291304,42.25020058013948
24365,12.44677676999003,6.090815458283297,22.458834000890075,67.8293279928794
24369,11.56263366798678,6.8073164280633796,23.873951019010104,67.95995578321319
2437,18.015814034096202,6.2141264349908285,58.98924468345148,30.36421412857492
24386,12.33054432271222,7.196390921832782,27.145226029414044,66.72555674368868
24395,14.112340645205906,5.913377627654856,30.072066000717403,56.219089337927585
2440,16.707526319631942,6.711756370018696,51.19146842332527,38.48648865770262
24413,14.595823950116914,6.359842240733239,35.275415896487985,53.75970425138632
2443,15.18522566268096,6.625704649146144,38.578365740093126,49.659279390899464
24452,16.322547579820206,6.495301637936701,46.69838000899189,41.584603559049185
2446,13.264762843803178,6.689128696743788,30.434782608695656,60.13100290746248
24466,16.0076781057671,6.321984433748747,43.97264072465107,44.24253627876883
24468,17.012529652494365,6.243759009703086,52.360894803907684,36.271768370380855
2447,11.128100117502226,7.155383322576506,24.3185993984716,70.00784093435851
24471,16.82200602392197,6.039400766761881,47.923523386821444,39.87572550358484
24472,17.992830546005003,6.3896259156552855,58.14534820225946,31.43588685701804
24476,17.969861267094196,6.417528638057028,58.03621221697587,31.623105426875362
2448,13.606015348896927,6.677588467785458,31.697027389554755,57.579723940980486
2450,14.645021262216725,6.499657656586859,36.47211599419211,52.32315589275854
24501,19.07034452134184,6.742122717141517,65.25142762100128,27.844985307978042
24503,19.069309450145724,6.747627032826113,65.2451294752438,27.866477963777893
24504,18.27873187963804,6.713597584790242,60.92205077620423,31.046994997533993
24505,17.172971231351386,6.661085300460011,53.12241999933952,36.567484561276046
2451,14.725909119965568,6.540169517831696,35.66910476975379,52.29525084990213
24511,15.46733302262468,6.967976074690609,42.96043002069349,47.70731338010397
24514,14.123212419461879,6.874264670391552,34.816517217994125,55.98171451535931
2453,14.802086238142044,6.508040326522705,36.06531531531532,52.26126126126126
2454,15.080215748163504,6.6935719531567495,38.657249654089995,49.97728352229313
24542,15.54870329290942,6.88379610332069,42.90636331800775,47.03636343097274
24549,16.569788612670337,6.493398594565481,49.13363371927223,39.97490446586437
2455,15.318770386024546,6.512110477475963,40.32508289309579,48.33453321300737
2456,15.13184921876611,6.726885465122291,38.9006957338762,49.8702489877184
24561,16.19882186884831,6.9073626176973635,47.421987404769204,42.55489775219945
24564,17.757941033771388,5.970510051390765,57.33632511731742,31.097088705635795
2457,14.92655660146345,6.526944570123025,37.580204739805154,51.36474474946905
2459,14.714567743779831,6.553143119103185,35.674183346553626,52.13911180245795
2460,14.517016831230189,7.011384716755777,37.00105336291714,54.29749658217351
2461,12.492444893495366,7.323534975529422,29.98431887184848,62.43424491475472
2462,14.85421562608918,6.961568869219296,38.690851211990584,52.44995633960053
2463,15.199872930569255,6.766512226770576,39.45165388629248,49.53718408276237
24635,18.134915934049758,6.766252334871231,59.77593507410022,32.02452364149612
2464,15.333628164578771,6.711691184986403,39.978820958238984,48.787274550226996
2465,15.076689252909285,6.772641731300414,38.88598064221512,50.19881269282603
24654,12.442808553821465,6.876746833714068,26.830953240191786,64.5213177295458
2466,15.46440704797962,6.348333385495866,41.08628318584071,47.02323008849557
24679,13.960475267325341,6.172265992279823,29.060991663010093,57.902588854760864
2469,12.879275136570461,7.169184214638576,28.830330295331112,63.27707978834992
24694,14.03285574113325,6.8172767564104495,33.595689361051306,56.93125801480018
24696,17.829951648776248,6.253465352481458,55.06627243066884,34.54221044045677
2470,10.22883963836152,5.944377265351165,15.199216950713957,78.57323813910641
2471,12.23458421377908,6.347882935871779,23.350516069184973,68.16810117069619
2474,12.737915127631734,6.7929322931415514,27.0889394880287,64.4242047885186
2475,11.030022494829783,6.430411589305893,19.668521094112194,73.71233194251275
2476,12.882675853522302,7.096514726362784,29.407030091181912,63.20987938230864
24770,14.310721536838233,7.158186399301131,37.20761620815829,54.128608212494925
2479,11.89801029241892,6.739797161830936,23.453234067759208,69.24702958222511
24794,14.739589040448722,7.1571357563894225,39.64605633898907,51.16082332153067
2480,10.419776403082645,6.30575727729034,17.54325259515571,76.17070357554788
2481,11.369703915123385,6.399773193628553,20.737083811710676,71.86796785304249
24812,12.367701129668895,7.2001482827904715,28.12837648565369,65.26204863473262
24836,15.569981245247588,7.442615861492406,44.91904667842766,47.102095863445335
2484,12.324295729851823,6.94055878780244,25.988007316000278,66.1519227652629
2485,11.25767281859296,6.584598375886582,21.292943874640557,71.476303014075
2486,16.14189513760059,6.432117412269849,44.545727968905446,44.351386993036115
24868,7.193307431082836,5.092326539561884,8.107219381801983,89.76865307507903
24869,8.16221430864062,5.644755082841065,10.271905207358904,85.40505144995323
2489,12.575696874996435,6.618175279041364,25.541388847447124,65.4624327208878
24890,15.103400143160398,7.296247051670192,41.72675317206427,50.00826713633586
24893,16.657683690707287,6.6369470410694165,50.378193960511034,39.66463414634146
2490,11.14933426205504,6.531438254493375,20.28639891769184,73.14293576088328
2491,13.034929083925876,6.047326722349851,25.266845731636106,65.00875861263576
24919,14.892340451950288,6.874559513384397,38.726460219901185,51.600770571507205
24921,17.34652879198347,6.998126842814538,53.310257678149554,37.93527828141311
24927,18.452611471218805,6.863225977908636,60.91704016170137,31.354908164162055
2494,11.895948601047808,6.752109608576867,23.034668963189684,69.1726698243858
2495,11.004705640435349,6.276229324436128,18.876082370902143,74.02542916079108
2496,11.189911739440008,6.597702872847771,21.173224848612378,71.67356386336536
24966,17.436309780653993,6.821032532747801,55.39285961460506,35.79090989984478
24992,13.026443243963609,6.860608927305584,29.03155631766181,60.66209402912497
25,17.002400536917317,6.780371390842675,51.77514034503089,38.64807362026095
25000,14.028185493089426,6.688888876402279,33.409578270192995,57.152251608291635
2501,10.765592946255756,6.801880856657017,20.68287701831642,73.26568383432254
25010,10.838323016575032,6.668419795986459,20.71475434187886,72.73683819615513
25039,11.221041905605365,6.769418280247412,22.440648159778924,70.61801281246075
25048,12.911840704904932,6.486411473644065,26.734443574246747,64.73187238632838
2506,12.914368988308244,6.675359318531709,27.159322267849134,63.70475171676041
25070,13.552357812672394,7.344443648316047,33.75534322353533,58.81443298969072
25071,14.09349089059253,7.316391559772783,36.421357864213576,54.67828217178282
25095,13.757267975672946,7.150715653924626,34.264057160608886,55.70922646784716
25103,16.335612832525754,6.746925684390979,46.92363373145132,41.89287006876584
25104,13.3922876052073,6.998387631133427,31.993550347019372,58.82971514032669
25105,10.82870425016336,6.335752800426877,18.979888624835954,74.76915073481597
2511,18.140152642063793,6.248997788898136,59.40011795433482,30.127222175414946
25168,12.23882330031399,6.240033183406049,22.51245144241893,68.23390445572888
25184,11.263960520797,6.552117377848634,21.658968020249574,70.78880757980164
25194,12.264053937069175,7.0637260853160395,27.297665425243125,65.21855086820273
25208,10.302658594632979,6.4695639676703784,17.773569975130002,74.94630341397242
25218,11.100285071866034,6.481064185954281,20.723334492523225,72.04332058224452
2522,13.428702104689618,6.993084762092659,32.66276098725148,59.02542287182045
25232,13.304494099573159,6.083136290041331,27.471474107266598,58.925024252783295
25233,13.352383086354681,5.958841639913954,26.932648217700866,59.52556510518675
25274,13.253025815615661,6.061514517449551,26.75504978662873,59.29103840682788
25276,13.431928858706604,6.3910241676720725,29.5316030952544,59.83245451847794
25293,13.887314937453716,6.611338407517821,32.40148121056963,57.14775532595776
25296,13.276017746666652,6.36710120484632,28.478602859031945,61.09983812498575
25307,7.07454759846301,4.442839187571907,5.648382844976173,91.48433539491026
25320,7.121480324058962,4.463645015302237,5.750786046557761,91.39861735154382
25332,14.753760935349847,7.168768475104729,38.476114930371935,51.72858276044421
25344,15.223383981184623,7.299208248041543,40.6148174966264,50.45036149601202
25354,13.809626520566571,7.166194803063332,34.04016131978697,57.678849964166766
25367,16.188095317505002,7.180239837355766,46.632878691682905,44.36587341550452
25377,13.783169117157078,7.143835914315041,33.84604539687015,57.85563231354857
25378,17.750253343073346,6.632152789716382,58.19845671991742,32.874315410054066
2538,16.250882018423834,6.645772522046141,46.132462858724736,43.3295653778721
25383,16.719647456509644,6.529842248307589,48.51929646385375,41.00960206813775
2539,16.451191973482143,6.852862172532366,47.6652721615606,42.607763392492984
25395,17.730168016594657,6.638310106183277,58.049517610136,33.02962294011928
25399,16.336111654852402,6.762468951583909,47.964390731889694,42.51892121297859
2540,15.026808601457333,6.538526799569295,36.00060016389091,50.70807797513937
2542,17.056812542217838,7.270303272230645,53.42784773657612,38.25432457414499
2543,15.996323771499739,6.706200658589841,46.22527752570143,43.036684360354535
25436,14.443175183140658,7.2995362437098175,38.842629659282984,52.58428965394538
25438,17.275822386189716,6.702682673036519,53.4605608150031,36.466985569321295
2544,15.185302202140985,6.6933973152126685,39.19062100092194,49.62640870749797
2545,14.04588080701776,7.40062643172094,36.995795047500394,54.87618750973369
25453,15.384918832852964,7.1065839653521214,41.85362977934984,48.35691426646454
25458,14.973890920049751,6.9847387637477425,39.818670502725624,50.825257419745604
2546,16.63148751862971,6.984406370047561,50.549575932757776,40.62551502934875
2547,16.81323508382034,7.016118342197392,51.71235887324651,39.70386929056727
25473,13.975254280472864,6.844815298416924,34.03427990636935,56.320068991006536
25475,13.662824713731219,6.000470791572475,27.28070893384623,57.1217047745891
25478,16.182722187279648,6.7375519384022295,46.58085774597127,43.741955413684806
2548,15.249454076643955,7.059364527494488,41.4710113202827,48.06679592219651
25485,13.8071200938703,6.4603605003996885,30.64724012328383,58.966497218108316
25487,14.56533175116354,6.746489098606501,36.472886155583964,53.16243204869745
25494,15.895893887154774,6.432453694462022,42.814382601447356,43.516273254271965
2550,11.47705919530505,6.839412946384643,23.493597790610092,69.7574064775295
25538,17.17294569569114,6.480283271109253,53.4512580741061,36.163887462501016
25585,15.35142195895029,7.0437069446788145,41.46464150758208,49.20621288707857
25604,12.33532649061926,6.263229673510016,23.42120482826813,67.33643029047965
25605,15.918320427592079,7.630219109261359,45.27491408934708,47.90252283966139
25607,14.717634875901922,6.911786727958064,37.9584547736577,51.554155364994855
25672,12.389783720943475,6.429507147156272,23.71072219539407,67.05326961184286
25673,12.688452742105719,6.532958810516987,26.056001637740827,64.80980218213801
25676,13.0248747943083,6.534534854942435,27.053487516855313,61.71699423854861
25677,13.385934844041698,6.48828657365643,28.55434913378248,58.726088787295474
2568,10.486844784909978,6.129444877389245,17.209908735332462,75.79158130005588
2571,8.917825601318928,5.8528988936409805,12.394095958019811,83.00680791058404
25711,11.090001109739976,6.595429838044483,20.403864313212754,72.46767632744971
25715,12.598407048759906,6.534557028449573,25.53937269595697,65.48360082535461
25734,14.181127341248851,6.9062907210094515,34.611292580494634,55.969202053196454
25735,12.71756060976532,6.515520814724607,25.921358852339438,64.78950293514885
25739,13.793209169736807,6.854399134505214,32.913023469857336,58.048780487804876
2574,18.017423062737855,6.287722191015736,58.57483990014111,30.026411954122796
25740,13.75838956301192,6.86972399166915,32.833516512272986,58.14230386769247
25741,13.661513167413773,6.818770898339367,31.96211379840626,58.73934013700545
25749,13.763089766427003,6.8841006606021935,32.93083944966196,58.06829242627523
25752,13.777574679700958,6.8469675081586745,32.795446237401435,58.14794506240535
25754,13.779759240376709,6.859499509392118,32.88482871125612,58.06460032626427
25755,13.828996856020172,6.762325598017679,32.62055537039311,57.78062343221008
25769,13.500231355835943,6.748688564417745,31.19582917476493,59.648316436413296
25771,13.746877037723806,6.87161577288956,32.79284938426707,58.17727350058236
25773,13.748816219317778,6.880433199794148,32.859849722312966,58.140476968311006
25775,13.66196773389215,6.8102511059905035,31.923178111023415,58.75120582302903
25801,13.79626510929304,6.862810214623142,32.99853141718242,57.94608203084024
25803,13.791006696402643,6.85269273729468,32.89520101388871,58.04904817277918
25806,13.807743078680293,6.821690871020561,32.8098667075226,57.96052295592666
25809,13.697969270020263,6.77795116745783,31.915678524374176,58.752744839701364
25812,17.71338742870484,6.616747966334343,54.902922765224815,35.64556133991115
25826,15.708721885900086,7.615819101989953,46.31961641814637,45.03047227637565
25838,16.491891159831166,6.770867472570068,50.44636102284763,39.72697163800205
25839,15.81432222534362,6.6419790097619,43.8751968074327,45.2353115403202
25859,16.459005994256195,6.708490465926873,48.496877684146995,41.30587862045484
25887,14.360238541051304,7.707864148058586,38.849709780491956,53.98839121967821
25891,16.977119657446035,7.239846694082501,52.144843287409905,40.02717611381573
25897,15.439320982563613,7.258416048947156,42.69382996925796,49.11487369440344
25898,12.960274517680165,6.704378217686054,28.097026958712117,63.34556484298054
25902,16.69368022576022,6.5500010016355725,49.73621051265973,39.25382170425307
25903,10.96944895694151,6.050801806428094,16.607889018886844,78.29099114156777
25904,16.25943717450577,7.196234238010345,47.37768043874373,44.49909791848055
25908,12.492556661434962,6.691709670898764,26.8389061032357,64.89532837416192
25913,9.90478357009563,6.296373136077345,16.412673365999503,77.72402624366747
25918,16.566437047047067,6.8274378530589654,48.50664365097124,41.66480196912061
25919,16.43449137811367,7.522590194063094,50.76131161712411,42.2739150081534
2592,12.887923279099375,6.577242779148676,27.289429994465962,63.26397343663531
25922,11.64843108065067,6.808683761229999,23.47013558079883,69.25003053621596
2593,14.292990104128087,7.437932976056512,38.49305269546745,54.12286215940867
25945,16.93763150704641,6.758377353529264,51.50931278098908,38.79581550787586
25947,16.924493822927325,6.761568750945493,51.42212808110187,38.89222598084158
2595,20.353951259072858,5.577588398019002,73.49649981577979,17.727248802568557
25959,16.93985780703416,6.75266933060952,51.50467156329941,38.76683903692237
25961,15.614684412179754,6.651843975378202,42.872347218970184,46.42074118223036
2597,11.997552559534219,6.161226932560928,21.80373104407915,69.65637602886724
25997,14.50213244696734,7.085498842163399,37.04060498049227,54.19657049275083
26,19.61605915758964,5.858579706048182,68.56075149095192,22.56008600168932
26002,14.503991549992032,6.776430583152358,37.2,53.32231404958677
26024,16.64216759340369,6.897245129870941,49.739708919142835,41.29415983479863
26026,16.6188426304076,6.502895763283962,48.556391717082285,39.9537651861689
26028,12.668989635849583,7.735420752575879,31.26448963370206,63.22227374091983
26042,17.311147327081873,6.861420117288411,53.76734390485629,37.45911793855302
26045,12.812907301019761,6.9914611983794845,28.251634900229167,63.01306057049169
26047,12.77961992229313,7.362753775989761,30.572399300123127,62.0205704551977
26048,12.69267036863531,6.907707749990106,27.100873992061093,63.84770109827515
26049,12.666736496546722,7.242477822329379,29.382542701242382,62.92501288591082
26050,14.608924541901663,6.7396722238417,36.76019617076504,53.395660812937166
26062,14.91390551800928,7.302209225029201,40.87185281966171,49.86228327271443
26065,14.939325342137398,7.0561960819186025,39.854806184181044,50.43244454402868
26069,14.897979078585083,7.0474286898681235,39.57453689562858,50.83727114289308
26074,15.190660647392786,7.1730437213532605,41.42444468367603,49.272436932572575
26079,13.702638597732482,7.3110323409279445,34.532549288407075,58.63742130990819
26089,12.689221331046728,6.2658343482993155,23.40823200788695,67.55052579691095
26092,12.324453683549137,6.388474670527692,22.724516343577005,68.76430429764676
26118,13.95754026023071,7.222243074091591,34.20836245528923,57.328454549192124
26154,13.72645867359036,6.871948427970398,32.26432620397276,59.20664030867432
26157,14.376185898548979,6.8246123528131815,36.40470599454066,54.72685444554373
26166,14.361947895402402,6.99334861292918,36.470028544243576,55.33301617507136
26168,14.155813244428474,7.174173300715874,36.41695516137859,55.47188217519064
26170,15.381798925208182,6.362347245599828,40.784304302380065,45.97094902262324
26175,12.469568334758197,7.013440407555686,26.920057266891423,64.86976400498776
26184,12.534596953684018,6.328086596282501,26.351771286513365,62.743134682227286
26198,15.44911236038705,6.356125585342956,41.43590362900791,45.52865165147032
26209,13.965522433131714,7.306991253972599,36.3693300893696,55.959578927083086
26283,11.925914819471274,6.642196181034137,23.62755610308824,68.92752036137158
26465,10.171476283487003,6.404259944143386,17.51987693057544,77.03034087793584
26471,10.216424455357755,6.4742652216881345,18.47136650569945,75.9253091932969
265,13.667324962305564,7.107441671097918,33.91874487764899,57.85557246744462
26503,10.153248428198104,6.386444293752139,17.390569545377726,77.23508534730438
26505,7.87379814485471,5.04680987625103,8.414887362412461,87.96299741755911
26521,15.39663545375186,6.998766183619007,42.87196110210697,47.55267423014587
2658,15.248607229685128,7.313144171107138,42.29239429363678,48.960929746274424
26593,15.108543470012279,6.962721016554819,41.06722736830142,48.74580894470648
266,15.07952908157872,6.831099807392194,40.07978136042403,50.291243374558306
26600,15.568167571858917,6.742012143222617,42.680426462547835,46.65003644979041
26601,15.936094560978995,7.050660634943126,45.61906667555971,44.457413459614486
2663,13.592139155785235,7.091500526065398,32.37975129591335,59.564721482951434
26636,13.193193784034325,6.955226624920406,30.668223259951077,60.1979097175895
26637,15.642617542182093,6.419639752108241,42.33632834409264,46.16678947310539
2665,12.985637560511547,6.567838725346369,28.31349787012649,61.94761486684226
26653,13.751669076915473,7.218130139381409,35.392274564659495,55.48347303146788
26668,16.076703444219568,6.503579157708917,45.96145147232428,42.49715905956597
2668,12.364501431309554,6.602050869201479,25.345466536855,64.91944348481518
26693,15.181403324011603,6.987499733843169,41.614466645329436,48.108225504092175
267,15.217132155245267,6.849923152507741,40.53903249247379,49.8663448562234
2670,13.551612072031954,7.240406693176551,33.2133319678911,59.21712894763792
2671,17.03394856120809,6.62807321558782,50.718803910293275,38.20613926996906
26718,14.290624044926483,6.878527847659038,36.48553427837188,53.920044764983835
26721,15.000746294381608,6.571704479216502,37.573542883898945,50.47230308829218
26740,13.125861824151464,7.328539533585319,32.15569718511255,60.21469134289333
26741,14.30818275101072,6.88371543952686,36.584264126149804,53.82001478318003
2676,15.38051861942674,7.437254258372413,42.88533250466128,48.78107520198881
26768,10.544672038472077,6.699411494164416,20.162839514025826,73.80828191590865
2677,15.499815594167051,7.178592841930429,42.92192429022082,48.005641834506186
26770,10.158783393516744,6.19353016425017,16.563170660469606,77.66772067507334
2678,17.726781744476835,6.695883560837472,55.52056088843852,34.08191490818464
26790,13.308963159890508,7.384626974611233,32.510797301887706,60.45882467122823
26793,12.720934485343259,7.247677430709394,28.99251347213348,64.34194505057324
26798,12.630707520277772,7.1941154088671455,28.364167008369716,64.97021153428688
268,14.182644498778354,7.029588424742864,36.089108910891085,54.96352266805628
26800,12.818238068283936,7.0364693524974875,28.80143112701252,63.51808867665104
26837,16.543769255033542,7.2514087556888525,51.012956253260214,40.681789344574305
26838,16.460497977388112,6.914294491300448,48.58054894162589,42.06938957063241
2684,15.672067401754386,6.885281879999433,43.959089277881894,45.921886837593206
26844,15.470739314640914,7.077324524316892,41.94202355637333,48.612289419464304
26846,15.587086792982564,7.162120220658578,42.690548514367514,48.17220069131665
26848,15.651589041710789,7.0238521583206035,42.68428541489725,47.434949978491304
26849,15.595820621092365,7.162809237824792,42.760544233631386,48.07045505150531
2685,15.055229171645614,6.983486738061153,40.740778324623264,49.59663098077021
26857,15.214630287542711,7.056595689671889,40.855270438086336,49.48666560106233
26858,15.70657785967092,7.029508128675194,43.60538623000724,46.69375329888176
26870,15.681922705132195,7.099589807281915,43.99254007855149,46.89375787367537
26873,15.690829017518704,7.043297894622877,43.53172168364217,46.69530003681434
26880,16.547102787533465,7.2385820019262965,50.96140390159254,40.72182260908506
26882,16.49432487101352,6.892453291739971,48.673591637373775,41.9158207933436
26892,15.54069696461101,7.145542119664077,42.37076607259495,48.53970327517029
26907,16.68514619095,6.839276184788379,49.79848181391094,40.58304280097916
26908,16.47049761392508,6.918185479037002,48.698806776816674,41.992324872595354
26939,14.040422647886949,7.28749788580863,36.030062341730314,55.966195120462935
2695,14.99053043109714,6.961965406436182,40.333363044834655,50.152023848431725
26974,16.790794246216446,7.061134014887923,50.824806849029024,40.45634882970444
26976,15.437508771983495,7.4892378678982645,44.0605325039824,47.63616020632633
26997,14.212853002650352,7.578225161658077,37.8989449936965,54.41493596974322
27,14.992155838393366,6.78490063266925,38.516850482356254,51.119527111748
27001,15.395284781038578,6.67024548514688,40.46119816605507,48.752086917464005
27003,15.30253170881303,7.079514143139868,40.222481400978985,50.493912244429126
27017,16.3838749569557,7.36836368430248,48.458490092801604,43.41309255079007
2702,14.619632519830716,7.2598386080359125,38.264590775533094,53.16321429877714
27022,16.793680225774434,7.051051917278344,50.84478658274515,40.39789495802332
27025,15.470421034002179,7.4595158503503916,44.18491438628683,47.55703680125823
27031,16.901234074575807,6.257341547333122,50.22276870763789,36.89990967810491
27033,15.595849295976738,7.5276784329764315,46.029794277607,46.547647197919126
2705,14.066754928976826,7.551675014032699,37.47311647288124,54.423180321258144
27054,17.486240081896916,6.821901603907398,54.62101088565965,35.8207400462808
27055,17.04626721879065,6.8560492889327325,51.0622160477603,39.058311117786204
27057,17.49721275193321,6.820180419290176,54.67743024555665,35.803404632040156
27061,13.781580118838757,6.993394916326413,34.14992131703183,57.269852318121295
27079,17.351587404425402,6.369499916753474,54.75002669839962,34.700291393961585
27080,15.456343746700503,7.113343635892287,43.40318239122287,47.75903778663668
27083,15.57821744777986,7.1563906190141875,44.19663073996921,47.31342269721945
27086,17.733786276663906,6.832430251177538,56.72815777378515,34.625830443320936
27094,12.96839592004339,6.590155809651352,26.915381046282334,64.88226423848742
27096,13.901788489752981,6.6112659081585115,31.805720788289456,57.71866756323385
27104,13.181852843705242,6.645093191771177,27.970311080835604,63.46219346049047
27110,13.978151177728911,6.655086152823691,32.75617371558331,56.946558976079274
2712,10.355689251681675,5.795698451977757,14.682911590128084,78.02584013924219
27128,15.064088241164898,6.959257585420803,39.999465212043425,50.66714797582759
2713,12.636474740864992,7.239182814576442,30.578083794012823,62.22648879473005
27130,14.101974796962024,6.836535798289875,34.06040066818089,56.556224537621226
2734,11.649048121962402,6.482140366171039,21.58488448589451,71.73290507333307
2739,15.33086971260137,7.374237157953299,42.80899920978013,49.73736810300748
2740,17.06498651715694,7.0736400299511955,53.39907298009634,38.46223757157139
2742,13.815896233163318,6.845262089847669,32.87226285436507,58.51470490752811
2743,14.656494171752568,7.021426967177486,36.49655172413793,54.523218390804594
2745,17.978917618308007,6.916443661960847,58.584045785345864,33.71864622341553
2747,12.792975594409365,6.235519298451892,26.232543222834487,63.2715239511356
2750,12.898274366534748,6.199773813269463,26.362971629131327,62.995027785902316
2751,13.151716892066384,6.265026284227244,27.890808710765768,61.40914601194736
2753,13.476497222381722,6.735009801075628,31.026225273210166,58.54752332989855
2754,15.195180886927963,7.003828995625067,40.043085608769935,51.89056679861193
2755,13.984082174874272,7.170241565989733,35.09492932306412,56.83278029772596
2758,11.84686587257839,6.300816025628759,22.33087850617731,66.60227775765625
27594,14.854620066988273,6.83871892428126,37.99265979111987,51.56224475349313
27633,13.23903690518367,7.286478623206168,32.497445794074245,59.57997502554206
27635,11.895802209186817,6.8245049053376245,24.653205188902565,67.88774737240792
27680,13.462281576341756,6.568952529221021,31.42163539698581,59.0557581616064
27740,14.053318818380854,6.837544973055675,33.20872476676527,57.59299591500612
2797,14.110170049394585,7.066106627737614,35.591943342207045,56.242905218745285
2801,18.423697614150747,6.758442732162521,61.24307491762321,31.14205018647934
2802,18.527102656122832,6.7629276849494815,61.85498140324269,30.66478893583216
2807,17.011595798759288,7.2707117170608635,53.042121684867396,39.262823524989194
28082,14.120527839414978,6.919499958666544,34.17646995857462,56.29462326457648
28087,12.054433711209366,7.059865215206555,26.52188659465348,66.4254807445245
28089,14.003093896596594,7.4888101334223744,36.051963922797974,56.291593055537106
28107,11.66995353003867,6.99224360597801,24.263629117467143,69.21515561569689
28109,14.045876487047265,7.451215143314657,36.06323443646155,56.237203588579085
2811,19.907558778821603,5.854168481812504,71.51645700499742,21.145958986731
28140,14.758529280937555,6.984167851822221,37.99781079696306,52.4628534165541
2815,18.804015782403706,6.219536537327403,63.438124017035115,27.210235204721766
2819,18.71452895774081,6.75361907096453,63.32844495138775,29.48997881701157
2820,18.671279794864798,6.687386670604726,62.91627997323722,29.6052489586256
2821,19.754126516946528,6.144604944560763,69.03958530692184,23.021000755729172
28216,13.178628487536802,7.765547403819037,34.24622531939605,59.635307781649246
2822,17.769276243104002,6.464591953295215,57.751398517170315,32.98626910414603
28220,14.555705291843676,6.947710305952793,36.7611590758153,52.98798746315262
2834,13.544390387476417,5.815449336495498,24.00098847266437,63.279694154928556
2835,13.205558643807542,6.87276692804965,29.98456393105223,60.587489433643285
2838,13.491227230183776,7.472076606835338,33.78729817403211,58.56054549297457
2839,14.967261514335798,7.090828317968508,39.594053390534526,50.827640078858295
28393,15.871048258125217,7.080128505629465,45.14725935363147,45.56728941265465
28412,16.778724220261566,7.109392701729105,50.77139539917744,40.18438711454828
28422,16.818775653759413,7.114312251896322,50.382679445631936,40.269500891441176
2844,15.291370818436837,6.551570874834706,41.29655050259045,46.70327237302396
28443,12.47670821952481,7.086835970583444,28.52905586872473,63.8469143818434
28450,10.601723948601297,6.5738155209855424,19.41702767480982,74.10492310898724
2846,15.762971062291394,7.110283263347945,45.8059757086203,45.78917770101007
28461,14.74867946204721,7.169374400721531,39.17403245942572,51.639450686641695
28484,14.666991962229444,7.1857800806347,38.80170328462046,52.08212550728694
28494,16.50563426211175,7.192371087550536,48.77685917405544,42.28872114386133
28507,14.670862898731324,7.1885125795544385,38.836501373313105,52.07285996172571
28530,12.467629978528992,7.053073071471303,28.455253686464488,63.85062795182919
28534,10.605035858210709,6.568721378976197,19.405732117429636,74.10170569879116
28553,12.326570368755554,6.970225009089288,27.378426862583087,64.83181111036674
28554,10.611495023539746,6.569992058722755,19.429926222181823,74.06868760320562
28577,15.392403580008823,6.9017671342711315,41.784863550552025,48.290551827068484
28611,16.97354055571317,7.235623493141357,52.6648218171064,39.64490166670188
28612,17.03252350975416,7.177282438479152,52.78741196246569,39.529118879928504
28624,16.845016208193485,6.622320924233569,47.143175657439244,40.78646279498222
28631,17.29688143621495,6.534527233372615,50.07237593117814,38.05091028915067
28639,16.900809086855237,6.570512682800267,47.17327717327717,40.62946062946063
28642,17.256276242487342,6.5483049153575585,49.770058016131316,38.26234611574926
2865,17.4535143298289,6.6323254303783425,54.478917719358144,35.86121543188801
28660,17.166616760175145,7.088033105426457,53.0484154600217,39.03730310173233
28662,16.948036633284953,7.3165899906342435,52.866875237566155,39.46180910889545
28669,17.170619831058325,7.085949989596941,53.0734352358248,38.99873790492217
2867,14.903012391156143,6.955260038737237,38.81274571558896,51.951606246877645
28672,17.2181748335332,7.058867807361725,53.26048883007706,38.85148283645987
2868,13.58955324855188,6.345430819278283,30.101641907740422,57.7292527644365
28685,17.185616788637294,6.582944253510372,49.520046340353346,38.500765443336505
28688,17.16492100283501,6.6187083489101655,49.53350296861747,38.62305798630506
28701,16.906663770302043,7.313556912600631,52.65033122473145,39.64669361979028
28704,16.937644090138146,7.267510436967973,52.6613298132811,39.643168898635274
28719,16.762603069532137,7.284674433905104,51.64729958806531,40.44074376608434
28722,14.828287798145526,7.249989213051508,39.98506240495281,51.35833130865931
28731,17.128115869408425,7.012454155243258,52.47491668205521,39.27594727446998
28739,17.076945638415012,7.206368618348102,54.05134707979564,38.07476017201456
28749,17.032452808408998,6.627797984728879,48.764003141664254,40.81993303294614
28751,17.012409101492533,6.644437309200617,48.66725945532372,41.02028577927583
28764,16.973232985716795,7.194225154339045,52.521793589704735,39.152701597018094
28768,16.82962284300997,7.237068598868736,51.7987059379937,40.31516346840818
2877,16.092358087348707,6.827584088496089,45.39349817999247,44.76904732019581
2878,16.03624208832298,6.817573080736879,45.10732372724565,44.87056868248169
2879,16.10060017991476,6.818019436551198,45.460978409573386,44.619690846476814
28802,16.920854903662597,7.311492881610402,52.695459437571266,39.69182570889677
28804,16.921359044687676,7.319952028398054,52.75042933791294,39.611089184951304
28814,17.206585993281173,7.059206399116975,53.14907202202544,38.92137815224501
28817,17.199391912324284,7.0418709013618805,53.072140696762624,38.986594974048764
28820,14.443316766537226,7.150165147306142,36.94905107556282,52.85713463387116
28822,14.445665285130712,7.197947742255564,37.3867554257996,52.54434643325742
28847,12.27675217037481,6.373399489514428,23.45407425265188,66.89443707810993
28853,13.593335746626654,7.509480356394937,34.27963201167453,58.15750080864156
28867,12.13080408912633,6.59432289755157,24.86986468192606,67.07505650053527
28873,12.558711428767383,6.582069559988137,26.362571526248242,64.02979302923819
28884,13.807625451721318,7.222810888730511,34.578095992228,56.60520484685559
28892,13.618364567795286,7.238905581529179,33.04354203196149,58.49006286960058
28910,14.209079107760756,7.456120600461294,37.13520021300488,54.79781901531552
28911,14.032136246496833,7.527188380800205,36.22601654638268,55.57941676934812
2892,15.948764051560332,6.753477701914105,45.2161089052751,44.62166761202496
2893,16.214626564772704,6.81905910217056,46.29638039874654,43.92797129751578
28935,14.825501872255895,7.27555101629977,40.040233512148944,50.450795654329895
28937,14.999249543886508,7.224715976941507,41.01888052143508,49.58612222266228
2894,18.823751493687997,5.79748484893346,61.80949959029132,25.44149642564494
28949,15.755493019411881,7.050758058035152,45.464518259884876,44.86529206379164
28953,14.546746657645807,6.948771575159004,37.923518210235095,52.15157430805897
28955,16.812660283991686,6.444860727699505,49.241915696395914,38.403046225781814
2896,15.970882070877993,6.945515810175179,45.819267952139406,44.80037468408123
28975,14.6265901839181,7.037054481895033,38.69108752710259,51.77222412415839
28978,15.71302437017983,7.19906711260514,45.04519271296773,45.82611342668477
2898,15.72924953357304,6.818460989524548,44.70409515498239,45.63819127961472
28987,15.566794855484238,7.21983795670732,45.18762701450919,46.27817949808592
2900,19.296371967303486,5.972579593793521,66.78982945868886,23.982572108967034
29010,15.351604856709976,7.421905547662175,43.34557267538291,47.98851560802077
29013,17.114807422907205,7.002506935328724,53.31451400684194,37.737135475227866
29034,16.93040791637656,7.131376354597496,53.0193735759064,38.35047164799358
29045,14.760867223889715,6.975824698418604,38.946745694225854,51.284197836788
2905,18.753600279041223,5.9207547616876255,63.69867300951427,25.98168085461526
29068,12.944924367813023,6.000674251703662,24.588796931351496,62.550814067418536
29073,14.882779224726967,6.325702470268536,37.95518789491187,48.5377868307283
29076,14.01112969490009,6.7340218028862555,35.68027102176484,54.001938913569205
29084,14.4020885132998,6.514900945116643,36.500607289481344,50.496371319875934
29086,14.395293385091808,6.436932207168837,35.49674585585495,50.95117279555551
29090,12.656593700607516,6.679652463709422,28.38566140509024,62.34584476111932
29105,14.187999391712621,6.746798036747179,36.38272505649768,51.84351477836895
29107,15.025604310095211,6.047065369354135,37.37318149137678,47.5293136045304
29109,15.330733756333439,5.970520562598955,39.09005177843811,45.11218661589652
2911,15.707645543143833,6.729734683029567,43.94031571195286,46.217967190718625
29120,14.94790852152437,6.168927989376336,37.47399866213381,47.518991285542796
29123,14.094916604885736,6.701001770585555,35.34339594789091,52.18751153264199
29126,15.035676672378733,6.079821281176524,37.97449775249977,47.07091092560315
29132,12.224059607935624,6.851284674396323,27.58098088304413,63.45237067518441
29135,16.062404149753412,5.949763658803145,43.769186539454836,40.32608589722349
29137,15.367485588585096,6.290483855311193,40.49076091823636,44.398340248962654
2914,11.284877936941308,6.211154065974414,19.34356957576772,72.89975734248179
29156,14.924737376650182,6.490331196976933,38.97412852282211,47.65680169480645
29158,13.128648993419935,6.105646187080552,26.585593229215764,61.320428620808855
29159,15.111434141862683,6.477458771063196,40.25187850566198,46.57529897343634
2916,14.426235852853322,6.815861968798927,34.89517593818305,56.48082586788987
29179,13.226125136542821,6.035825376304144,27.4072445100688,59.02003288199135
29182,13.760975816617476,6.439369247294425,31.874473462510533,55.48020219039596
29184,14.957207905046127,6.6602675862165155,40.24026849847871,47.143021444329435
29192,15.844866640920824,6.9302582587504,45.895260444872335,43.71101349860601
29196,12.70210262758083,6.602583325785961,27.730281696867802,62.24268533819863
29206,15.229205120362996,6.39171531115753,40.142527311071355,45.282905718083775
29211,13.259115074296375,6.2867555492620335,26.893006703930695,61.08485055446719
29216,12.306920982821872,6.213743455041548,22.050622444760897,66.28140934356195
29219,13.477972090146897,6.402685727612272,28.63126121862135,59.47543735879049
2923,13.070029154674396,6.51804434043576,27.489410582238495,61.352214803647065
29230,14.325877058574374,6.633120519370338,36.14515717843626,51.91496872119703
29231,14.45833576383724,6.540494619302354,36.36682106574287,51.527772371647664
29235,14.508893316312227,6.563049942323532,37.447466535115595,49.805045110000094
29254,15.070858871053533,6.394582757787848,39.35988559475785,46.9146869864037
29255,13.090576893968128,6.072361631821849,26.072147228976274,61.92986501215729
29257,15.368085072780257,6.558752529901883,41.84074215598862,45.57381225321615
29262,8.100727238598875,5.012848690546591,8.14065557491798,87.6848489568629
29270,7.61560593648745,4.903314479942856,7.6035726901145475,88.99429782509966
29284,8.019346233941905,5.11370911307786,8.410453693435528,87.31464125538534
29291,15.571344200757208,6.960226225280365,42.834876471409295,47.72484064579166
29292,15.531751517363857,7.148391878448983,43.957671706877754,47.287529032563874
29300,7.329154525065825,4.61671078234307,6.516799220905697,90.5433371205973
29311,14.384235360931394,7.044058443003814,38.15095003518649,52.60050140745953
29314,12.899745282258548,7.152211996390424,29.76684834328229,62.86010900596938
29321,8.007425921805888,5.115027139539831,8.43843517594888,87.26827389359117
29336,15.710656055125638,6.819941062202728,45.466476718229444,43.937541364263524
29338,15.202673073570127,7.145701335055943,40.916028782262416,49.57480748706061
29341,16.227374222891537,7.01073580291302,47.73715221326692,43.38326011507373
29342,15.460271877673412,7.023233626532815,42.44671315320769,48.323108622516095
29355,14.07368271790985,7.5650811395032225,37.30665596514361,55.22559192799403
29356,16.016193513450894,7.008974919610439,47.868262799977515,43.48788849547575
29378,13.765466260187903,7.370728309373872,34.70723944203533,57.90485548885993
29380,14.725876579093924,6.900087350614959,38.43375062376603,51.93964114469202
29387,7.819688776860982,5.030334880692138,7.94104665220979,87.75931221094245
29399,7.932022287274819,5.021392715455729,8.027964805656518,87.84881526941946
29421,7.320084457949498,4.6571603567032325,6.626075579932572,90.45539173753335
29424,13.162195194358965,7.35763502228406,31.54194054151842,61.21087861062534
29425,14.294499248785112,7.4111058574024335,38.00775744877215,54.50917299609633
29426,15.015828569226066,7.456631962202645,41.96253210454752,50.32356347887394
29443,12.377664708954383,6.403253020628403,23.74205176988935,65.51719821759376
29444,12.255475536584386,6.976093960127409,26.80752209518124,64.40501992135283
29445,15.30571744804991,7.0113876656470815,42.444156137184116,47.88047157039711
29449,14.431615758012594,7.494552672992036,38.89790698246391,53.30185198848964
29452,16.55515317207989,7.143988739488474,49.76697854779608,41.50746498748918
29458,17.137409065398813,6.606220257257365,52.45802616586357,37.13740510412806
29463,16.261390563870446,7.590486244945697,49.456791618724644,43.31375280082359
29469,16.595728749338843,7.3493274010903304,51.2026257756808,40.989281501615466
29471,13.255487492339308,6.891031247495841,30.523485687173814,58.26204477161302
29474,15.949539546871343,6.965224615450369,46.07922082901952,43.90250137403019
29476,16.521425766533643,7.310388764816696,50.58434158523871,41.2227529520161
29478,17.33815322756555,7.234835972431451,56.07286419376176,36.16241795145779
29507,12.315587960608392,6.801201682117634,26.17778056583652,65.61068941722603
29508,12.72470569898192,7.312310295047934,29.256283084553385,63.98612237111927
29509,12.307293567071168,7.0752321758123795,26.951973609943934,66.16453648074054
29525,13.913419505086129,7.411161350454204,35.99314815271239,56.233209277105466
29527,10.967224448088801,6.274016023459069,19.200595765443037,72.97484688571319
29529,12.389796387802397,7.1524028062494125,28.640026777208476,64.0348618656505
29545,14.697446085029013,7.554547029791415,41.4581554694512,50.17184387382062
29547,16.608833490169893,7.355382155020406,52.184383361712484,40.027973729019706
29561,13.299474634233672,7.286920172375015,32.149674620390456,59.915401301518436
29562,15.17809145231007,6.973112566084092,41.13995165079618,48.60229942457638
29576,12.445190494427651,6.963546645154349,27.516736920406643,64.25241755516986
2962,13.28514809239627,7.28997343864892,32.915057915057915,59.513084513084515
2963,14.869746848142057,6.871358906732726,39.40659925492283,50.34992017030335
2964,13.020983168409018,7.076970730030523,30.62221448933978,60.960691676593015
29648,11.973100586470995,6.590115690091663,24.1505841283694,68.2200448261499
2966,13.748267159817345,6.181198804308323,29.182330207220396,58.88567923707016
29660,8.790743795746353,5.599723072542266,11.235500824081848,84.0179950451431
29661,7.8881391363755595,4.850621496319918,7.3989990196584285,89.01707858211651
29662,11.067167083605613,7.120006710741318,22.78507799588859,72.03434237575074
29667,16.02952343688179,6.655239767746385,45.23026495493035,43.759628516798685
29669,15.963144917983932,6.664440469813014,45.128321598909835,43.982998604847346
2967,16.11562411053127,6.933235463555128,46.835661320917396,43.6136203854776
29674,9.779660226759654,5.92608626327196,14.258777910346005,79.83104653144709
29676,11.032068575465841,6.925173264126286,22.289761670607437,71.59297775731832
2968,15.91196367931417,7.264848345544028,46.450658779241735,45.112933584296854
29681,12.105204732323386,6.677556019967626,24.200918116792998,67.60328813921213
29682,12.439142952267515,6.91682249448264,27.488791930189738,65.28500520374669
29683,13.028738318855126,6.832669504350008,29.105282837455267,62.007371401100364
29686,13.589453377007938,7.608528620735208,35.769745114867966,57.98886249775453
29691,10.835893589585913,7.208947152449248,22.808203079092728,72.72495788772672
2970,13.918564710193973,6.653392454461139,32.21831821850814,57.10080243103366
29705,12.752323812919293,6.467341237313407,26.525499313537836,64.73989597843406
2971,9.924174136029704,5.911291189161583,14.289268910604417,78.63282663771263
29715,14.763937323193687,6.783729664625864,40.135311006686074,49.50773418639538
29719,13.50212752256266,7.212076596101333,32.63197921287787,60.07140291949216
2972,11.023171413069047,6.248857055645275,19.12118014235355,74.02609066618766
29722,13.749596923825717,7.180144045590209,33.673655228565615,58.56036339093451
29723,14.589543736276193,6.781658056227149,38.92623142002926,50.77076397871122
29729,13.680642336614666,7.1770220733964845,34.43738365748764,57.887754883710976
29730,13.196596654959464,7.250647596871746,32.496953109966,60.391498642263045
29740,16.979847047212044,6.68141018934895,51.91010082869385,37.46055365985068
29741,16.953697004660107,6.666325282144356,51.7232539957191,37.545019930531524
29743,16.95347847784398,6.673710727014817,51.73641458022724,37.446660840059636
29744,14.879296358265062,6.584406700286174,35.29001178584097,53.06717929353609
29745,15.918515727120528,6.665668471674596,42.19159772780202,45.77911886511609
29746,15.981300315266976,6.647591636548125,42.6133235456047,45.32330091148223
29747,15.940074781709875,6.66112450875889,42.326999288690175,45.61020221522203
29748,15.81083227100077,6.842039053920777,43.4923228815579,46.08143533176727
29749,15.781878064121827,6.827639874935967,43.04828785218769,46.329407353116636
2975,10.76513886682098,6.234482302422015,17.88188643097418,72.57234511795762
29750,15.799238167826697,6.837995968320606,43.289682066651906,46.19995572433289
29752,15.83653525381486,6.994554732198834,44.35886179510716,45.59870162695721
29753,15.620666385193099,7.067691898384347,43.18133219287929,47.15465626002352
29754,15.83154901832627,6.986022808611862,44.29452428839725,45.51726893722445
29755,15.865655205857413,7.011323687030934,44.50015253405489,45.44586367434643
29758,15.353458033050924,6.942692940503116,41.30335423913871,48.32161084731991
2976,12.494452007092429,6.583031603699769,25.393700787401574,63.77952755905512
29762,15.390851497629834,6.919026160228112,41.43978259765328,48.14725453344847
29763,15.723009793405264,6.70420865101606,43.59666122025054,45.23945231852668
29764,15.871246035941203,7.005683403839066,44.55427178291287,45.4499682001272
29765,15.87937665511183,6.9756771226880865,44.47665567954675,45.52241769588182
29767,15.113554157227604,7.064490973223242,39.78862004785961,50.587609678277055
29769,16.998023078519164,6.477337878599398,51.448894636866996,37.90028156111493
2977,15.67919819898754,6.150236628405586,42.559309849029475,44.651098072864734
29770,16.95036483706229,6.465506908419688,51.143815050694094,38.19224710175174
29771,16.958988229503177,6.468604776253282,51.2476551640373,38.062591937812925
29772,16.087775086880114,6.61495116081081,43.38564795101081,44.630654743800314
29773,16.08826507482837,6.631016680752402,43.384562286828,44.506253045314274
29774,15.656110308308774,6.639082527943206,40.72051682084862,47.45544837284933
29775,15.974555078466057,6.62036886974296,42.37114551962603,45.497317961041986
29776,15.401210039396313,6.931539105159481,41.539909447016335,48.10500076308694
29777,15.370328239122971,6.92343540781245,41.201640221073276,48.38397473448285
29778,15.363327399181848,6.920056879628216,41.18014401325431,48.41011916140955
29779,15.37465539045917,6.946929663833898,41.42448906692522,48.10297757252571
29786,16.598296011918276,6.887706372856708,48.57652018950754,41.30771794091653
29787,16.370700259115484,6.871613207658198,46.824832652094074,42.852911557372195
29788,16.549894814664572,6.858466812513535,48.34996384671005,41.46348517715112
29793,19.06196856114226,5.24200715583042,65.62675765870486,22.389290937043008
29794,13.489460870233355,5.748997829794712,25.868742111905764,63.99242742953303
2980,10.719918608839162,6.07024439541417,16.965627347858753,75.57287753568745
29804,15.776833760616066,7.163893407510516,45.21696605357952,45.34817147355614
29805,17.544396419271745,6.761522849424897,55.23138468232195,35.64859017899228
29807,16.694275838275384,6.735595959775319,49.60307331018991,40.31039411884827
29808,17.60492226947776,6.800235855905536,55.789993139390724,35.311676275531696
2981,10.016873894445911,5.698410648070009,13.23014804845222,79.8474652310453
29810,16.633267412227067,7.408577955536066,51.447005672550915,40.92319683607338
29812,17.017942635912057,6.682553301191365,51.21245384692147,38.308124367399884
29814,17.89558234189422,7.040868266161617,57.803913587067136,34.416887157270374
29816,17.24762567692099,6.621437394743668,53.17675011092504,36.22454091344984
29817,17.141203108629632,6.582768801154612,51.982762311106036,37.033918862997474
2982,9.591028180729433,5.62301786332935,12.334900884278738,81.8914114708728
29820,17.46840213668705,6.640450753266942,54.63726199084117,35.50132562063148
29821,16.07745313240298,7.103780514674198,46.70699815615999,43.74841827450319
29822,17.53749158573963,6.6193121765370275,55.07502737566634,35.02159970157515
2985,10.864219417182445,6.210946871442867,18.417566241413148,72.74288518155055
29851,13.261654255892191,5.676525525202324,24.451286125732448,65.46330320786574
29852,17.409110828211595,6.539317860836956,54.39116610810346,36.02302999054739
29854,13.197475941467848,5.677673170863019,24.28798253448447,65.71896397737422
29855,17.71507861175197,6.4206939339934115,56.547619047619044,33.639579020013805
29857,13.261419707162803,5.691311879819432,24.693999402925666,65.32988357050453
29859,17.572411359710337,6.4397608032123035,55.46756674888571,34.78298498420529
2986,15.97271668167968,7.001409019752443,46.05482938727894,44.499827663918126
2987,10.383323937545537,6.183197001476251,16.70854271356784,75.18737756579507
2988,10.179535536414887,5.903578814175046,14.227650881686744,77.60960223544106
2989,14.420226248615908,7.34178153206562,37.84525647623949,54.14571703815142
2991,14.456685625111374,7.515559874727719,38.69931119861976,53.822650107337125
2992,11.4780488950341,6.260890180904744,21.393986631710714,70.68187722903232
2994,11.352133374896953,6.228007761796474,20.475921957821132,71.51686026841097
2995,9.103059274496431,5.835857194565321,12.616157574140768,82.39740340580677
3002,17.095152749923276,6.884627670515696,53.54017501988862,37.67613692091412
3005,14.640909358388226,7.221929373668764,39.36681620111134,52.75211186175737
3024,13.737183213988516,7.091121330578713,34.02150071106612,57.191409357148025
3025,15.373730512097483,6.927427709769596,42.7375730010496,47.68953360066744
3026,15.300839207922293,7.009597055016466,42.059554758363895,48.74044978260129
3032,15.39572381883316,7.114030260613675,43.07805047694754,47.79163354531001
3033,15.32329173094753,7.038279525420332,42.458656891930545,48.10738084391851
30373,18.78578114091035,6.4968838234389565,64.63922944347337,28.12946914229138
3039,9.250675843088455,6.285356137962076,14.8205677557579,80.5757900374933
30405,16.72711744365349,6.8410667439710755,49.32175435053351,41.1979534821098
3043,11.013307103545339,6.240426007683431,18.471583136425817,74.86009202835469
30453,15.685700249683341,6.840942586364239,44.52127166558532,45.59273333951246
3047,10.985573261733212,6.463580454561543,19.50510985200403,73.6315934101883
30475,18.130669773050144,6.089200382729439,58.481028754907726,30.26815660218404
3050,11.087055786943756,6.229831162649208,18.62942700835013,74.67294282602435
30507,11.151322553189752,6.315724311095565,18.439401915422195,75.64717073486086
30510,13.149846833181108,7.162508448758651,32.065136642332874,60.034470120942586
3053,11.443328825080581,7.334990772939389,25.19536963517071,68.85926421218326
3057,10.222217837595709,7.4627789181100725,22.219081793157688,73.92597325992922
30602,16.30917006625665,7.201141299225663,48.054767812832324,42.36418823112372
30665,14.702019281110305,7.429395710826205,38.97816143645318,52.083493292676245
3083,10.017185094556513,5.920715853254568,15.03226082126223,79.26547878477118
3084,10.89131084978341,6.268631903170565,18.98415586384656,74.39011447198848
3086,10.14261044835682,6.782809361937616,18.46064814814815,75.43981481481481
3089,8.610637829519103,5.317414951214613,9.91356793465356,85.51075651802252
3090,9.629033874335901,5.794257446861013,13.308941230276696,81.06563000228675
3091,14.919125528417732,6.481989319032708,36.92378772287208,51.17290043471869
3092,14.383395644855975,6.836852550740655,36.340974849766305,53.64121967505008
3093,9.59256894728246,5.581014910259288,12.411393220775874,81.22395497701594
3094,12.616711115655056,5.869823234580904,20.86143363693249,62.650351108948065
3096,10.885637249478618,6.9145045055807195,21.663375537228482,72.18259960506447
3098,15.881565040964682,7.293501887889073,45.87696903384915,45.947307177964184
3099,17.382030346198885,6.343294807489806,53.667701213558374,34.395487515692565
3100,16.073409271828794,7.107474081552634,46.825873766536894,44.175615534014405
3103,18.473750138109878,5.833158904953732,61.037135991811176,25.839051344997788
3104,15.489984886777624,7.28911425593219,43.565067877948,48.03893893123241
3105,18.870040368783926,5.695060444901492,64.4663911246465,23.710245812486406
3107,12.051816030825055,7.311875194076568,27.85109930348879,65.5452888106331
3108,12.141993492907492,7.09704750613852,26.6293994566066,66.37362980544019
3110,10.925166613285084,5.409605401199426,14.157034675169392,78.36110003985651
3114,16.006020983789206,6.851588808020231,45.738985016655654,44.465872769693455
3115,14.352398944368517,5.93046006150709,31.48572198275862,55.375808189655174
3116,16.15355658585626,6.9411032086540905,46.813519876600004,43.847590182123234
3117,15.85302513788509,6.625849486152242,42.57364013927123,46.18490844739442
3127,15.159719519051226,7.601448797838269,42.9270190650881,48.63820799288533
3128,17.13503689530261,6.591419977993631,52.66981850309701,36.591693062513514
3138,17.125083176634327,6.315979367746155,51.38000688839863,36.96184385675854
3140,14.095268105151726,6.623843660941312,32.47718631178707,57.26901140684411
3150,17.279754401190445,6.544087238053155,53.65813010388312,35.737829379849266
3163,15.305343210228765,6.70950414071766,41.50309570322594,47.51155074575956
3168,14.157010454698753,6.924049820164731,35.90750028555704,55.020092831999
3169,16.849235332932736,6.702247454619253,51.0351717248269,38.95529757598723
3170,14.749170380571014,6.681897899806024,37.920301516049804,51.935292623020246
3171,13.001615548221258,6.5482971785705,28.488186872475772,61.4878682931341
3172,18.868005436376265,5.553307432014629,62.62831414483746,25.2138059290617
3179,8.581403786896052,5.740581122993876,11.245460371715446,85.03311258278146
3180,11.31112381120064,7.308895196752347,23.72652042558781,71.16248522264547
3181,12.147987192951337,7.0960205431353325,25.83495503076842,67.65108083942566
3182,11.559785437564827,7.012616038043845,23.335373926908787,70.60121581412565
3189,15.352581319228994,6.215775813467872,38.587939756398285,46.624261070971755
3195,15.25924548478887,6.19762842684011,37.76973041328965,47.15410702994769
3203,13.892043272672993,6.518247612241016,31.95732557434685,56.76304782687761
3205,16.91723452451642,6.422928643496568,50.44972773239984,37.036901983663945
3209,15.448468423049206,6.668305413108828,42.52808988764045,47.05416306539902
3211,14.747172250546933,7.646248571064437,40.674527312867696,51.504088604940854
3217,13.359782427747236,6.489813529265038,29.324256703223384,60.19974146199074
3219,15.63474397159179,7.240465756019653,43.82091951890672,47.48662770924157
322,17.840307987853134,7.197363903625771,58.48673376029277,34.426349496797805
3220,11.763986935559311,7.208931576472358,25.333678220382826,68.47559924124849
3223,11.537324697162168,7.323746655724197,25.772308975729295,68.1135239882861
3226,8.264036489188967,5.484308424368075,10.125282398849865,86.19497501198056
3229,12.765610913617873,6.2023978098263015,26.19493560177889,63.27279928052212
323,13.138505414312723,6.473263745061367,28.21013133208255,61.5624765478424
3230,9.575102229288165,5.9549585535476846,14.586341887777293,79.92083514571553
3231,14.041571419419702,7.5733004749072705,37.9085593788939,54.2596481444368
3232,10.449793075637759,6.517930417289058,17.650879471965734,75.90492574518134
3233,10.690003779647563,6.673827530641695,19.507452332401353,74.8134289137884
3234,10.045266045644059,5.718746979608582,13.55535352842293,80.05677724793303
3235,9.048092399917506,5.510540293874094,11.023030491438046,84.15326027823113
3236,8.723040673968777,6.143925881119014,13.805837968047044,82.42233164476248
3237,9.567072658915315,5.666236238461565,12.291561718223035,82.09373212318883
3238,9.801023822030972,5.982229154359691,15.115174237949718,79.13424582488038
3240,13.830137960993945,6.664343741068177,30.674345962272646,57.49622445055203
3241,10.840108409920447,6.687028291029801,19.50595213911348,74.36882948035591
3242,10.281714771903127,6.1979265700051975,16.30939606661042,77.68157728758304
3243,10.110188565255521,6.487972378007659,17.54738796248046,77.1528139656071
3244,8.00319941417112,5.266183808876544,9.036559563056636,87.09180075120143
3245,10.158208555624189,6.43864947951347,17.684173918803666,75.86301120320613
3247,10.400113562586439,6.7044955847395675,18.6714523181823,76.73453398130208
3248,11.611041885253877,6.483188703476326,22.627215308398167,68.92098946185669
3250,11.621066533368744,6.513774253783179,22.76429713074471,68.81597278609219
3251,9.291213704878203,6.4361264440500365,15.218669826035816,80.68920842460557
3254,12.758300172912591,6.238699267615765,25.245539030389065,64.19504465096317
3255,7.830256789258647,5.095621671426698,8.208578637510513,88.6636271081404
3256,9.03588194028773,5.644801841165585,11.16168145922147,83.63966734223216
3258,10.093038016881328,6.316981564449345,17.06830646501579,77.22243118182693
3268,13.591296115526431,6.770557797230145,33.256364276531805,57.22649373193479
3269,12.693132588677628,7.989935159116401,33.74684899340446,60.544217687074834
3270,9.729485732764054,6.209171950789996,15.43362831858407,79.8782646233542
3271,8.045864044941773,4.875798136841293,7.411777783478268,89.03197120112185
3272,12.323191018319,6.636945652426634,24.56587221899276,66.4249854674206
3273,12.51676208216967,7.907447062964484,32.47536363795487,61.650417461623285
3274,11.269725249307205,6.150463167477386,20.262166694469563,72.54010202200234
3275,9.120320149106883,5.459470434601249,10.759682835492889,84.03452943968776
3276,10.577967665616253,6.465191319582466,18.42040736260503,76.62650799359206
3277,13.065286490990056,6.868882866408689,30.005904285864492,62.09691116880596
3278,11.612855324570745,7.087495239069396,24.495658471879757,68.92084340388826
3279,11.421212699674658,7.406754705644886,26.318869012278757,67.48668439212851
3281,12.03711616641594,6.974768946244272,24.67831881889284,69.09946669218657
3282,11.727021044604005,6.060695527625144,20.03617259495306,71.75006459391956
3283,9.297448860250505,6.371252422915394,15.315741040117391,80.25219489143682
3287,11.46621461369911,6.277936866266188,20.02006042591709,72.74350788350274
329,10.562882714948097,6.440365456222674,18.3294375973934,75.0247910468905
3291,12.556216547344096,6.063114266429104,24.57674789961712,65.95383694133444
3292,13.308625203228793,6.546086694438071,30.247022682321255,59.245886462147034
3299,11.539336851216259,6.519321457950577,22.871094633087672,69.39910476104355
3300,12.715311377705746,7.470032349743341,30.354429515305686,63.0973315350076
3301,11.340405291958234,6.092654429659141,19.83097525595476,71.3288624466542
3302,12.565193922450009,6.4340467445437115,26.684057338891638,63.9543369037334
3304,12.474027279034724,7.018544201200253,28.080610114609517,64.09867496058966
3315,13.160353874006425,6.7687601630782686,30.04115226337449,60.52270594180925
3316,13.026071408930026,6.34474963505617,28.100512007287882,61.634037097332
3322,17.1905758433862,6.790693787417252,53.93862865841002,36.15252888673632
3323,13.00128193030539,6.658772753401732,27.111891417381322,62.21470051995408
3324,12.416766533795736,7.187403069569235,28.315244145432384,64.46939684474555
3339,11.410697597940855,6.16555097877514,20.085885507354746,71.76140066016472
3340,15.979519091235108,7.291875673424997,45.75801970194494,45.91159383682748
3341,12.65213063131251,6.627174480087021,27.699220441749677,62.92767431788653
3342,13.280374133944843,7.1132905196320415,30.495008968260155,61.93655930749434
3348,12.454380339300597,6.689224306303309,24.895648874272705,66.83373387300784
335,14.83320070910352,6.622880797111187,38.18319564197843,51.03118198107195
3350,10.266690978464961,6.069666306100334,15.962845195574527,77.36301071521909
3352,16.02214923532382,7.255750129366406,45.845023514926424,45.78346083200452
3353,13.313194348332644,7.2762159784881675,31.784180559890647,60.585937079570776
3354,13.602979400662615,7.067826392569363,31.91628835316218,60.04715873512837
3358,12.457402180619873,6.602035772642631,24.643716746896377,67.18077020521915
3360,12.523780774798164,6.622210438655151,27.10068047916168,63.525882122747134
3361,15.957714357550927,7.29532144874008,45.63211711573947,46.02053195502136
3363,13.290017392846035,7.1312392289826825,30.60758291964162,61.83520895551907
3367,12.473258927105208,6.605988714658203,24.755989352262645,66.78286221320826
3369,10.242242265059804,6.07314392568624,15.917415191418854,77.44287956745444
3371,13.730045123967047,6.344221479581209,29.43849330629665,60.15839818245517
3372,13.580391970397507,6.868665368522941,31.677792446865876,59.26290931404452
338,15.24912680257058,7.746464870934868,44.45056544154332,48.29224180941294
341,16.302188837677754,6.554584013968078,46.38814083383204,42.013265509674845
343,14.636157633108551,7.640786804908086,39.553838046724046,54.12494876749224
3448,16.296866533678184,6.939830624505473,46.73160452414742,44.048079817657936
3450,17.870264995169478,5.746488961670693,55.402022410494666,29.532659196501776
3451,15.97670381223752,6.070144926054384,41.89963535335996,44.04699890027204
3456,9.79807485823399,5.939788974728993,13.81312834628489,81.29437236702975
3457,17.81211811701902,6.97155853643123,57.246358497401026,35.11849099839092
3460,17.45656037402956,7.174992289284958,54.494233813220774,37.64509685686289
3464,8.702353397788796,6.192002360095675,14.32558969099746,81.58558879921523
3488,15.533003783279819,6.980754787306616,42.80865590237586,47.709481862235386
3490,14.832752585348127,6.871276834685019,38.24274188799246,52.21129497673871
3492,13.266673513482253,6.943656033489234,30.63998489711157,60.771595781979016
3493,15.694042885817614,6.6369904769135175,43.53872036170549,43.551863729562065
3494,16.443619076154167,6.564928849442477,48.598512815103895,41.29179411454488
3495,15.484848723181727,7.043358371791445,42.66094530878631,48.2868044760204
3496,17.637830211983452,6.295733156825113,57.52679079349948,32.173552067157644
3502,18.25872787668528,6.622825669339708,59.36542819861273,31.68188998008378
3503,18.505385433071467,6.546167316450062,60.67333192225806,30.288730903793713
3506,17.840392813448176,6.763845547827041,57.785701315637425,33.23098763597947
3508,14.212510934093634,6.883212741880597,35.53816919251162,55.37465396706236
3509,14.104268688145938,6.722390639316569,34.19419831948165,55.11024108798681
3510,14.273139940221968,6.690632960756114,33.78075790395989,56.54708301895977
3511,12.64023728650585,7.50352259931559,30.433710082526012,61.96851453175457
3512,16.629786794535548,6.899204485862969,49.68219622692542,39.91142065048347
3513,13.761816179925509,7.355916632766304,34.326177549766726,58.086367485182045
3514,15.588561171594952,7.29775675340686,43.94857911607899,47.74203192213788
3515,13.85056282169277,7.255777728927058,35.31239040032066,56.68787681413564
3516,13.960384139348571,7.122469880734008,35.71112013886324,55.67086457140746
3517,14.790964090257754,6.967931192497841,39.6867829008067,50.26140853067115
3545,15.080645515715611,7.039655364986035,40.998677070115285,50.145792273009526
3546,14.851979267223307,7.051547586424594,39.924474161500775,51.230340272326146
3547,15.514389147763948,6.948472655334869,43.2779445135788,47.447478222677695
3548,10.632823186357896,6.62845533816327,20.55976010281308,73.38569184635156
3549,11.783157878999244,6.182108971314613,21.794372294372295,68.85714285714286
3562,12.330255205434831,6.776118644335344,24.81530363021284,65.48643031599387
3564,11.510161191747814,5.664966795126197,16.34077141323518,75.27796948086804
3566,13.304605022780779,6.670716334010914,29.539722133192125,61.222669695238366
3567,11.849529932271732,7.093701121932532,25.09180064853627,68.49175771407911
3568,14.097314606284268,7.031983075535903,35.289909686649715,56.04537383595417
3569,14.345964422780598,7.088423094708867,36.7564541371369,54.69952794778161
3570,13.588207718526743,6.604995161249105,29.68466534642496,58.488554058358375
3571,13.802226245971655,6.920356037730733,33.26988288981053,57.615944129993565
3572,12.32483030523361,6.7619577068707075,26.332346870259382,65.519385242844
3573,15.460977518196836,7.100012973338509,42.72681258718813,48.389565818549926
3574,14.44631146544889,6.630778177254332,34.70912973282642,55.61559293786782
3575,14.75754041024395,7.005429481126228,38.945911798327415,51.52999217856929
3576,14.806332284214601,6.909360078199624,38.179262960649595,52.55369240378609
3577,14.99193986167145,6.851175827198181,39.042696737506624,50.80357573129006
3585,17.39033112179915,5.825263542868899,52.867263891328534,32.26184202822179
3588,16.05169674537514,7.135225368937983,46.7938596937996,44.45915799981665
3590,14.703462537264453,7.295615755479282,40.34055959792964,51.45000375065637
3592,15.953531271609561,7.216170413893355,46.49763767478338,44.86983301134298
3594,16.344150043643705,7.066788990611991,48.10204784378861,42.82343170815694
3596,14.280717789458413,7.392917804693282,37.914850162994384,53.517143867090844
3599,14.404579791342233,6.987660714006416,36.81288234772586,53.881106481071015
3602,16.07220261372867,6.877506388366226,45.702261216919894,44.609101933090805
3603,16.047623763773654,7.248988231338019,46.899937411985604,44.517681114066654
3606,15.660559842186709,6.869072961544195,42.944666330606076,45.899414479041454
3607,16.66852283426225,6.685588988915702,49.044312685286314,40.49968793883601
3608,15.142446300756474,6.888371690427751,42.300416607437704,47.62118246531005
3609,16.13893569018613,6.692130853833044,46.66997261809793,42.403139216489514
3612,17.002910784115866,7.404063521546539,52.900022802180715,38.80516573039531
3613,14.492056119404578,7.393098650390573,39.331861937476035,52.691514605158176
3616,16.382562542857432,6.34956768583072,47.81427108228064,40.67190167292591
3617,14.280252319901324,6.803133829308436,36.94274535735934,53.07764368766187
3626,11.414961883681578,6.560721741910005,22.263489916516072,69.9435679678925
3630,10.991529329358606,6.687655716603562,20.947785475552802,72.6620775138892
3631,12.222614988118709,7.011947919802584,27.410497537061918,64.07527870088853
3632,14.269161329215777,7.104303064341842,36.851637288097464,55.401194640989004
3642,14.546782493417258,6.205713138364762,33.58465665700316,55.147981480680194
3643,14.322200020897824,6.2423986867819705,32.83816242182935,55.95287040443166
3644,13.170755414591428,6.778156014205177,29.40292313041918,61.39359064957207
3646,14.505634291912601,6.188628766516886,33.31604706187405,55.51486079149516
3647,10.411785512365602,6.410084280159299,18.151849583697082,75.01661302721931
3649,15.576587985012699,7.22159370780125,44.44031842551118,46.27381808898276
3650,15.406732608109612,7.0647635123529,42.51884422110553,48.2286432160804
3651,13.304614012565933,6.659397347430583,29.553191033847863,61.29011539531996
3652,15.80458164546357,6.949593048804852,44.441576320770956,46.1258819480296
3656,13.591808247727847,7.112249968709607,32.603477548152924,58.94707569814413
3659,13.64387304390484,7.065114439864891,33.36923982614577,57.80402570236858
3660,14.124954982930431,7.016145173624325,35.37024083141801,55.36249625262316
3661,15.042576812116735,6.376608328465019,38.43946929928964,48.41203222290432
3662,14.597634760539279,6.657373211751528,36.15065575608116,53.612574574350155
3663,17.304306691257928,6.573763784414914,53.831282042429784,36.227581087845884
3669,15.620882249350394,6.91039174493618,44.01364800887829,46.013624396406186
367,17.07762486660075,6.006893617721241,48.58085808580858,37.41854185418541
3670,14.659791020737806,6.845888278543947,37.60505792382827,53.035006688372334
3672,13.34810224880535,6.974106889379174,31.402993084438158,60.437375745526836
3673,13.482296655631972,7.188849648051282,33.39574488384296,59.13991318036541
3675,13.567275882576553,7.016493444341446,32.25720146258807,57.86141086239187
3677,13.332379428337331,7.748169871766439,34.677539211509306,58.484845482378354
3678,13.145769937281246,7.608019397191559,33.3640067098011,59.54948478312965
3679,16.237815557065037,7.528021657297582,50.02567350152329,42.78916920549071
3681,13.430674003707834,7.204958127504363,33.14691690200352,58.975784394387496
3699,10.852592610198434,5.572965849289738,14.269090266321,76.96058213528164
3702,10.694711942470466,6.335493621570852,18.162146139024753,75.48540091892693
3703,13.958218291351628,6.977077865870676,33.62490306058037,57.944523599112664
3704,14.05710079331169,7.386711139562977,36.567527033412546,55.613156831458056
3708,17.228380452616527,6.345812067986705,52.23575181891673,36.11728644570197
3709,14.285969256032686,7.041512761476698,35.51655956500247,55.77398380166546
371,17.654937827698223,6.494957105110804,56.44195081718143,33.86148069368177
3711,14.490562883615578,7.116004186046618,37.43572329484816,53.00402638983215
3712,14.280846935909404,7.16758263388733,36.37072279117275,55.23120895268303
3713,13.462013521196015,7.2805107157739934,33.281553663810804,58.94670571811786
3716,12.6331456304106,7.585054291587912,31.05335701221937,63.113950221326895
3717,13.055032005820147,7.181775664964537,31.231794706838933,61.165317464572276
3718,14.179472247726471,7.3818460303657005,37.29183635753838,54.79777411207469
3720,14.80522816778458,7.340592198466398,40.40441032214186,51.05353335861987
3721,12.853570741927678,6.711314811119221,28.08274946974799,63.17085674651442
3727,12.852298832683104,6.11170676509559,25.04680695184989,62.971630917009236
374,13.815668583581687,6.548307250340229,32.55766084912303,57.127845125505104
3747,10.978099878306171,5.753155011047789,16.818123776283304,75.34157657274197
3748,12.871377190173195,6.677010201572142,28.22338667594364,63.1001043659767
3766,13.053601865905598,7.02567159808415,29.841213397705047,62.48752000218827
3767,14.430218298273768,6.680692149116731,36.184964473985794,53.53684391473757
377,14.967012810426988,6.809792222053135,40.76877459701332,49.36869912124643
3780,11.205267649750935,6.27016118956596,20.861902203116603,71.6195593766792
3781,12.828522308110923,6.676324003262677,27.962979113068503,63.453320542449745
3801,13.137519085474135,6.883086760681002,29.514617129649444,61.73222616958438
3803,14.081676615471515,6.618009643554938,33.82715001273453,56.02130910943204
3806,13.485925260531591,6.819412037715532,31.184057910255873,60.076300674967506
3807,14.884772221088527,7.056758338637569,38.949752824355706,51.935378171612555
3820,10.329850908498532,5.937520425601677,16.750736980019653,77.16453761327656
3821,11.070280269377683,6.211687710939178,19.058932363391712,73.97031305846981
3830,12.360608343674663,6.087098771795089,22.235442428363008,69.03638861740251
3832,14.843405888520119,6.940695401237471,38.38455032421765,52.17648717225825
3833,16.377863394926834,7.51021234894582,48.6153421379596,44.33113984630252
3851,15.5262116246428,7.007995930673699,44.064334321893114,46.76051831706927
3852,17.935894129234885,6.245665929964475,56.95715135663049,32.742111112358415
3853,16.858799830829646,6.296787460484374,48.61471761105444,40.41083186497264
3856,16.532283090512884,6.103665407410597,46.93425342660885,40.58592637143491
3857,14.19121748181488,6.77019305870221,34.45251435290862,55.4983744898665
3858,16.63378837762228,6.584671162748852,48.86600866292694,40.16899808279486
3861,16.989991445938344,7.391940282581788,55.711962016969274,36.50855057809821
3862,18.572277277007423,6.444866974279317,64.14099622087815,25.907031896470826
3863,15.958694323472496,6.807043506420137,46.23872743323005,43.71678811901754
3869,11.422425551481597,6.403982292568472,20.09500206526229,72.58364312267658
387,15.724099747479245,6.141398084123278,41.25170729448804,44.033150450262745
3871,16.206158564297724,6.827072897642215,46.67964914577469,43.34784316292466
3872,14.433121917894615,6.734683712871961,35.38253444923493,55.19232394961535
3874,13.086161785651898,6.30931335380059,27.701229794760007,61.38691235141693
3877,16.177322014533082,6.297535889742281,42.80483634095801,45.96837467559901
3878,17.08088455412504,6.282104061212254,50.403563043500164,37.98127789925535
388,12.68426651500555,6.510825964108633,25.51395860974709,65.42422957501812
3881,17.461622651375095,6.464168199222856,55.85529928610653,33.87561779242175
3882,17.420615321642344,6.568115810027023,54.69216329727613,36.208456562546424
3883,18.153903791429016,6.269593009972626,58.68359732177093,32.00159277940005
3884,17.76598890875531,6.385692985759217,55.55318087910523,34.299826648619124
389,14.640627791349754,6.7599559046296465,35.65607261965236,54.28031892572388
3890,15.80706458660498,6.386439043942198,42.333052492765304,44.239715740503314
3891,14.071834540382078,6.600110613639701,33.699575524818805,55.38390459414975
3892,17.801572947584987,6.613931877121463,57.0002288591372,32.79551436091086
3893,17.917806301684905,6.605858605286425,57.995882937221985,32.03679444916291
3894,17.885735405455467,6.61512239117143,57.66994729098519,32.288199751453426
3895,16.032178887667186,6.651994561875918,43.39475934997278,44.202109737449135
3896,13.995950438959712,6.115084904118487,30.245468965337906,58.158462698598434
3897,12.741173344123037,6.124194453477423,24.686653445839976,63.894181540096696
3898,10.407490036536636,6.671637280476625,19.965392541898357,73.76443597620252
3899,14.885935779124521,6.106810845890907,34.83656997758748,51.050020080581426
390,14.634842082594734,6.700788881736547,36.72378114394504,53.75382832546974
3900,14.449607829404268,6.161898989554422,33.364822195765825,54.88638128267509
3901,17.004463772898205,6.389507041542889,48.88750744683607,39.257129536094496
3903,11.498590329358846,5.907917082211988,18.71295512277731,73.48818987197797
3904,12.757022442512753,6.7726890490917535,27.259767620825816,63.601498732133166
3905,14.994213582449067,7.011794572317243,40.59646910466583,50.70870113493064
3906,12.986991716640361,7.364885950032801,30.666280198107142,62.77173570591423
39092,13.052046928117083,7.400362692924306,31.601362862010223,60.8603066439523
3911,13.931748756869307,6.446593329416831,31.58091940360216,57.333522830047286
39119,11.452521266667349,7.652891442702282,25.776805920851427,69.27029176096397
3912,13.797985487000469,6.184075230152319,29.338564732085047,59.79721855333696
39120,13.71358045960636,7.124622498516997,32.98055052685327,57.89235482523325
3913,12.99645174932312,6.525372896815105,26.91372082190363,62.96128564774081
39146,15.872686427377612,6.843039193610001,44.68822620639516,45.516507198774455
39147,13.082935712404101,6.286155082281962,27.512087354906473,62.88865146768556
3915,14.299866103964865,7.24338652738084,36.53468864412278,55.1310768850509
39157,17.215647066731282,6.681220712269149,53.22496477587016,37.03491102645724
3916,14.632753623901976,8.335610183899854,42.79386973180077,51.724137931034484
39162,12.931595993024226,6.298136051381489,27.241006580319727,63.30002085980316
3917,14.322617695453873,7.043773016869365,36.66604560503347,54.675877488426764
3918,14.209153887277148,7.399449137364009,37.214798264082845,55.139718414758164
39186,13.48415854247998,7.200565730622094,33.67173367173367,58.125658125658134
3919,15.989225422859478,6.604830819196006,44.038543400023215,44.68222334017001
3920,15.032808762976037,7.150460246852863,41.00680342499418,49.77235688232403
39204,13.602426473171322,6.913083779968087,32.31372753456972,59.29048990603292
3921,14.143140956186912,6.881072110241438,35.2423705351945,54.81183456448338
3922,15.213554943983139,7.2730961528041265,41.68626326355033,50.322148934136315
3923,14.721608490965643,7.5099865578756795,38.616460071203974,53.39258335282347
3924,12.922140781636642,6.351030619665623,26.82184004872928,62.93334715724265
3925,14.682165005636334,7.247220545630824,38.53704015435016,51.67881699405649
3927,10.099647575478103,6.649220180813531,17.541602454438774,78.27623746977902
3928,12.289575658349284,7.0825471157914714,25.947172020194632,67.17348357357137
393,9.37672259678787,6.206766542853869,14.633458817538692,80.46811064433412
39307,14.676178667023517,7.384039909037832,39.97330794205794,52.595841658341655
39310,15.467385948824644,7.112513143758899,43.35776526471421,47.702821730787385
39330,14.239321586319472,7.89399541131416,38.978148151792126,55.176654630604396
39334,16.598793962012504,6.841354620553616,49.98592540464462,40.00547345374932
39337,11.145121390524732,7.273880563442744,24.04900431520341,69.75144883808309
39340,13.447992164052014,6.9892891497404115,33.09119690440595,57.048632486148975
39527,15.445578958683134,6.7824950640833235,42.44172628663743,46.13047157473652
39549,12.843419962840615,6.198210103617545,24.644719557342462,65.00139325663787
39621,15.892863404885238,6.804672922183387,45.964043619216035,43.80666077217801
39659,13.9807050139322,7.980363931566827,38.48122304151113,55.416760100776926
3974,16.659716973177133,7.142487526479574,51.27526979784162,40.305010893246184
3978,16.78919541567125,6.771885991814279,49.69899480835082,40.54825288118119
3982,17.1127197839172,6.928518322471277,52.56623257757395,38.83721161594556
3986,17.426270265640397,6.455175073572521,53.39251965748151,36.36809071606897
3990,18.177277276372237,6.343520603923637,58.10056451021669,31.997989128727184
39929,17.94089533744224,6.376574929426413,58.50805031849172,31.51307576582056
39940,17.829404984241815,6.481498197794645,58.010010520610834,32.19625721299455
3995,15.238472492192402,6.916633178855073,39.59182559324501,49.4959237152424
400,11.348201378810664,6.464578036295375,20.765350026152834,71.93885298732853
4000,16.963531154239355,6.786743678028394,52.77037424442052,37.909219829623744
4005,16.27049079507133,7.021129561049032,47.15652865917114,43.86924316934315
40078,12.716132204811414,6.512736624949695,27.374979266876764,62.48134018908609
4010,17.098693625282284,7.143061936407623,52.98856831790963,38.66739248775177
40141,12.93116009928908,6.469121925455477,28.425170379878367,61.34592463555515
4015,17.06630706245245,6.712429180985809,52.14003501792147,37.86152337125414
4026,17.122212426227353,6.847426277968828,52.703486125067634,38.16959109530803
40326,12.74209666819123,6.835151263825417,27.5496967748373,64.7504905928135
40334,13.040347012459433,6.979778535344076,29.043765562152846,63.04228117218924
40346,12.707504560048255,6.971112645227916,28.105813773078886,64.52113394064321
404,16.3424090758211,6.968431469198874,48.07329148165161,41.651355075792374
4041,14.208295465226499,6.673069943300361,34.45386123584846,54.70136824573609
40496,16.04288634403313,6.603780683436301,44.96366401892851,44.243282068615855
405,17.23220840333247,6.966839919665686,53.52832314129385,37.86208561313164
4054,19.349338085817127,6.2670769278546,66.27443904576562,24.51444110786045
4067,14.68097968021613,7.280715372743373,39.44561694429788,52.19341222582348
40684,12.744404762558341,6.34680807816474,25.123183305039127,63.848287855575336
4069,16.555653790141527,6.654988554039488,49.5611798980335,39.552075746540424
4077,14.544255023594552,6.927335892289404,37.03720632598958,54.14457445836
40789,14.89036274309535,7.648199818875452,40.816366831888466,52.40229862359052
40795,14.864181989022912,7.576909389449617,40.21240249449441,52.917447053738655
4080,14.799161075376373,6.886124283396527,39.018969450022425,50.710623281929315
4081,12.9090592777643,6.742673662554091,26.71401439156836,63.694727549955864
4082,13.800802885442323,7.283859669592844,34.5717660389679,58.00531991511182
4085,14.149517635030918,6.854777866779266,36.57751964944008,54.59240453502121
4087,12.493022315234416,6.520387124248467,25.14212037742484,66.34433179003302
40896,14.982533572681444,6.746207044891808,39.60297920440997,50.00696799368235
4090,13.6332713460812,7.064298622975869,32.338070783072574,59.82191435434001
4091,13.449954291869822,7.085104563211861,31.52964297412381,61.0252210940059
40911,14.9189081689413,6.7577412235568595,38.86382025269185,50.79355200099583
40925,14.148593915545241,6.88505059770346,35.042626771892934,55.19185214273952
4097,13.334799588966531,7.043478107346342,31.05379843864242,60.57218330621005
4100,12.320226536243538,6.553163077738018,24.251431984146375,68.54928468659229
41006,8.883394629801517,5.994678324890514,12.884604985670252,83.92905423673822
4101,14.548827643170986,7.246281869028521,38.707197047365185,53.904381108605016
4102,12.792873157505927,6.998985094705708,28.452646311751593,63.56746669431341
4105,14.990269150012182,7.047688362875917,39.2005521204524,51.799321117198836
4106,12.512090348484724,7.034925707030293,27.35576770592153,65.67763011830378
4108,14.93469248435391,7.194564610022149,40.21034792144352,51.161399661050744
4111,12.335226711102965,7.07147840368066,26.847499258882817,66.25799347816881
41112,16.96842256313185,6.584024600047852,51.62460924732445,36.92728019376304
41233,14.657362107620584,8.079394255656949,42.85353560859333,51.75896653771955
41240,16.01704946633946,6.550592285778183,45.70101596516691,43.07924528301887
41277,14.85256295795788,7.043834377908756,39.3830289040546,51.48283821758331
41295,13.484886037778523,7.474426325758452,34.03453272842651,59.24456104791582
41333,14.88720669440985,7.15265336326534,40.08600160572618,51.32744567066284
41344,13.06697138985892,7.654694537598533,33.174809923363526,60.124799321479415
41380,17.867788240261092,6.981744618455307,57.40028784921433,35.06240018927072
41396,14.154787942278647,7.266728731381041,37.370794857663455,53.91467680437301
41652,16.559672008523545,6.979643211635485,50.42035750278471,40.79722060149578
41656,15.030976821722808,6.8687164750191725,39.564819654992164,49.963408259278616
41660,14.933185912580617,6.95316374905212,39.51662112328549,50.38468681187488
41738,18.775140984062848,6.225488425123101,62.65884652981427,27.581895473868467
41739,17.8803740359114,6.25092058192337,57.888964269561285,31.659882406151063
41740,17.88289056642997,6.24725209689789,57.84406117652402,31.604464478330474
41815,17.876076793703156,6.2512699721619525,57.81921698341536,31.652586812958845
41828,18.219194879474482,6.393698200970186,59.562269645538514,30.973290257997
41834,17.894364996348145,6.2533439228365735,57.95818831287781,31.565991939915733
41997,10.355779896359122,6.766709639772457,17.260403750505034,77.48721735374842
4218,16.94837181707859,6.962848058025773,53.17147968310759,38.522872476360845
42189,20.014463697849425,5.763863636609792,72.42991589907889,19.783740488586304
4219,16.646020165284234,6.889157606926536,51.121048699870045,40.09885285660196
42193,20.01730167533282,5.746614409124244,72.5061801295075,19.599267391935307
42211,15.651250536263037,7.194604635092053,44.02689047559397,47.061463944214786
42216,15.642948135750922,7.194212123508112,43.99197676605169,47.08635423413635
42243,16.764248179569165,7.1822831329324455,49.94796088849935,41.63539755142286
42245,16.601092776114577,7.280470147480037,49.30421021037409,42.57278506916969
42268,21.25521338465848,5.172922598042182,80.88378545916109,13.595261288386418
42272,18.518067798627516,6.764446473019511,62.97289967650078,29.517850570482153
42302,19.358552712928805,6.146033243069152,68.20737409007516,23.922392535164033
42309,18.930548651901205,6.287174838382293,64.61723165220447,26.622482943065467
42312,18.329021506641986,6.657282840244981,59.2487550704086,31.348041640558872
42316,14.708528801735461,6.369917255226338,36.66114563301059,51.74023721917762
42317,12.341921017943815,6.959019180131256,26.923467703015064,63.97419289288526
42318,11.186051830717696,6.638469746611788,21.241108386137405,69.5105034789653
42323,13.392192296503678,6.470759837886028,29.65350378274922,57.82640882581298
42324,13.362620825141445,6.564202150802621,29.555188559398932,59.3925810315415
42325,12.759130577967069,5.99363353961192,24.05213165451734,64.61497680583167
4234,16.732508347591786,6.8363091397825855,50.84532543265613,40.215857787810386
4239,14.654405019838256,6.842950054028516,38.508806044780265,52.40068892716262
42392,13.654468314387858,6.473517137005549,31.74108013257945,57.42347436147397
42393,14.436134877887635,6.706380251945731,36.98901938552925,52.11663359747606
42395,14.328575819408258,6.858269641467899,37.10583976374202,54.17619319805659
4243,17.015418913870775,6.922914158511188,53.19158505458921,38.27315965233817
42444,15.61150432421889,6.492838433275342,42.96639423667299,45.65976722926416
4245,15.668814792744644,6.969268152819163,44.26508162196256,46.23534065276189
42460,14.166411858286185,6.872803877661891,35.76781292984869,54.492434662998626
42469,14.581756643126957,6.140047470480768,34.54133448921029,49.89328256253532
42473,15.193168204505442,6.962805541497897,42.08305067056307,48.28314981996556
4249,14.855872036406176,7.150596979973279,39.67581571208515,51.7026093450964
4252,16.5553051276276,6.960481420267338,49.73008453955931,41.10297529453039
42521,15.683822587278472,7.270985657746016,44.65074305902231,46.88472024883837
42559,15.90389022964776,7.20166888948427,45.384298668096555,46.134990472725185
4258,16.443282536637287,6.4740091188656645,48.54602231173746,40.107727847880845
426,12.386648569371376,6.865597390504797,26.087352469765406,66.36492787410754
4261,17.6316218066913,6.788741060707895,56.60894395062866,34.673928061529956
42633,15.70340808042799,7.12678563902626,46.06725616798894,44.875314789919145
42639,16.170758637093222,7.1820673481564095,48.74125874125874,43.367684946632316
42717,12.542277325332554,6.617273443646415,25.96867390020029,62.40291646853701
42719,10.880817432928453,5.897978498589943,17.048925637244576,75.8505371813777
42722,13.765950522676706,6.8764795218482355,33.01903920405718,57.79784311114877
4275,7.940648462836281,5.754915640514609,10.48186966520921,86.59746020780118
4277,7.837083022308327,5.770019596388696,10.293403371170555,87.30774074007448
42835,17.614232828374952,7.102396639768088,57.52181237585175,34.59430238113198
42842,12.005017235825807,6.621487446337414,23.73897503891163,66.86746987951807
42855,17.644202664686556,7.104729444323488,57.740300990698024,34.42738662431621
4288,7.9209144127112285,5.651795214432542,10.053064424953044,86.76307007786428
42909,16.85204217105206,7.046553787433365,50.20592574379149,40.34300467174822
42944,15.442529657534555,7.884290508968965,45.95788287134293,46.99697699441512
4298,10.856478283014928,6.563451019655472,18.21384572157261,74.65256014005662
4299,8.272751861437941,5.997830752894029,11.308582011750131,85.74897891599514
430,12.354400032561212,7.482436276431159,29.830399313009874,61.163589523400596
4300,7.704601378800025,5.343747967299517,9.276377259903661,87.21300470803813
43004,16.868471447191123,7.053032247677998,50.86490813834477,39.96716693183085
4302,10.392263679829613,6.666161525525338,18.44763479708023,75.92138109733618
4303,8.259753903977492,5.7261660918485315,10.840992730371095,85.57767263102555
43040,15.028275941540324,7.703292070725251,43.30170306219699,49.345294824514156
43063,15.928106571203497,8.029136928076019,50.201270969983035,43.37236151126913
43081,13.689674740649298,7.675144961937039,34.57552958753535,58.85064831118937
431,12.725600529494644,6.1570217036185015,24.979352804264586,64.63323072302725
43131,15.989008418363799,7.032431486792041,45.312755352181725,44.74178787383559
43206,15.06642576590291,7.186142224099877,41.441310566779904,49.906132665832295
4321,15.904809939441426,6.848189632143264,44.58763785109177,45.46732827443552
43245,15.281361795033371,7.301921729620028,43.16508990044083,48.54128485809104
4325,16.433189551383432,6.891582960711649,47.78643866965603,42.45786043702008
4329,14.486419053494007,6.872946059834362,36.566194764305685,54.07538695259693
43328,15.236390340300375,7.3101273072161055,42.93809462267246,48.692202924773085
4337,14.534689950599967,7.0280089694085905,37.65730027548209,53.06997245179063
4345,17.14104543031857,6.862441549117384,52.360891494788845,38.44946387968744
4349,16.730552306883652,6.916469739964967,49.97041915499246,40.81040352737623
4353,12.329738284266353,6.6184291366179675,25.67841044982062,65.71152607855763
43552,15.190480448799926,6.48816058610428,38.54042685014593,49.9633150180164
4361,11.529179792988948,6.6230124474388905,22.483616598675056,70.44089487267927
4362,11.058405125304482,6.226993174146912,19.022433622036065,73.8298073737517
43631,12.345778109503163,6.314554696103022,23.458241290557933,67.14832904363334
43635,9.622294931171142,5.038270011980358,9.645403006398858,84.54698828142811
43687,15.904207658086781,7.0508569405938255,45.64307748694298,45.06072915712206
43726,15.883858596988997,7.073939601770299,45.64319096338801,45.06847831970985
43740,15.90432754553137,7.064843689739414,45.671063107972444,45.055734413403954
43818,15.894966172549337,7.057052712676333,45.65942646223736,45.04631601362862
43849,15.898409213092553,7.06212183190866,45.64507299270073,45.049270072992705
4387,8.71358873020772,6.156056317357392,14.544581783271331,81.73326933077323
4392,11.269704879631465,6.407686889626636,20.829609608300455,72.65296335854568
4393,11.55134472886724,7.399735537351511,26.43239113827349,68.17779743476338
4397,14.164219298681962,7.16451569874304,35.49458512822577,55.33837916180201
4401,13.396383696773546,7.146219328785041,32.82003477762042,59.08789416130362
4404,14.258063303429346,7.181825147671793,36.67052109366258,54.73535006900667
4408,15.813658270841081,6.483001210296476,43.62182141841692,43.71948129009927
441,12.9802923227981,6.945678432118875,29.61515540478592,62.46103419822132
442,13.483317736840624,6.89552157067542,31.51049447266209,58.94177621750821
44248,15.451371485665744,7.136500114461809,43.725353077305726,47.41869669596061
44250,14.539976189179743,6.648837111479651,37.246144232681,52.36742693214418
44282,14.372858138015575,7.189703805114889,37.35170302334481,53.94608155802185
44284,10.558950546804452,6.595455126444513,18.87384146895102,76.16307088429008
443,13.61335584337277,6.5647665566703175,30.954994511525797,59.545649787619915
44309,12.0413795323668,6.664422332204068,24.055973990236147,68.73324704179704
44333,15.33372585192072,6.936337108288738,42.18518384612604,48.361112115405476
44342,12.174227988848424,7.033421109263602,26.068458025243807,67.26544354237251
44374,9.994476803694196,6.139341260429097,15.452518332911888,79.32921082273971
44375,13.315510015853413,6.397256033271334,28.350959511721257,61.77532579409447
444,12.758748669283152,6.63864194417631,27.54642252389289,63.63114542375799
44429,13.236695613690916,6.358256294230711,27.49831448048543,62.87549629185707
44434,11.65144917919805,6.49866842729108,22.52647825855554,69.46085475544201
445,13.237053979384774,6.729913179700269,29.658037711728984,61.28204383237941
44564,14.916552806903093,7.068831622659826,39.88774478446586,50.90278780875344
44568,13.565091181147036,7.263095035213582,35.34041521052579,54.92084863725014
44570,17.503170174565316,6.804392784540435,54.97566789154832,36.192273314132485
446,13.103469852960137,6.685980796497966,29.18487993683927,61.89077814792706
44643,12.109123424991601,7.134829633657655,26.984744547967647,67.80997235589228
44646,14.09572046921813,6.729382245192698,36.12906148085517,52.72979828481701
4465,14.803256055018593,7.166571658638741,38.88365668361901,52.80184592201921
44659,16.318180966025903,6.858551684656171,47.601800630854825,42.64610312415794
44660,13.90325191710696,7.559560933488636,35.46631842420285,57.76834621104945
4468,19.094658365330424,6.155134255136954,67.09638978414539,24.578176204533758
44689,15.28794362522573,7.263070001505142,42.95250320924262,48.32666314279242
4469,12.105089556416742,7.06951413630811,25.996483001172333,67.21632627876843
44698,14.428159930695202,7.5187961304213164,38.65877363491783,54.161512634741115
447,11.970320453411643,6.520356984743769,23.106314353057932,68.35008063515693
44730,15.294553396430139,7.223365295512484,42.76461769115442,48.523238380809595
44732,14.454510969768567,7.52264396217145,38.80826346454455,54.076666192979964
4474,14.902778526396451,6.806329211519994,39.09435593840423,51.095885854924006
4475,16.0440437654875,6.935389596762093,45.86577137667056,44.565005838847796
4479,13.338185766538226,6.768281753195859,30.07888881397074,60.21441575079226
44799,15.209579705872878,7.299701889370822,42.605180551478064,48.8117552298578
4480,13.572785764946262,6.907445779133017,32.37365793612802,59.459755180195586
44807,13.543426730455865,7.331221380332248,33.74738323358495,58.93261989350521
4483,15.532886030355233,7.11481578217606,44.662160846107405,46.29633236594535
4484,12.369725641733814,6.699877289860452,25.105735298079257,66.77487136661189
44843,15.24779110966825,7.282171930770317,42.78985779851027,48.529079828455345
44848,14.437854068081501,7.516538493342361,38.70327371984615,54.09879650472359
4485,14.35745177707389,7.244264955683623,36.897791059241605,55.03102747378481
44871,15.315478985451698,6.886686205775952,44.11244230815219,46.16782648205275
44874,15.360299527298123,6.394962774134588,39.48644833032806,46.21545687088523
4489,15.981916872955553,6.625497538114535,46.647914774866564,42.37336936059002
44894,15.322890780365752,6.897685579384303,44.09797702624046,46.199351412993124
44897,14.120692078368585,7.069490364015947,35.77927877637602,54.061069554538356
44906,15.319343298826464,6.858985430119088,44.22401789858264,45.906770281688466
44907,14.065583063133689,7.188591515048524,35.707100343700226,54.317210160114
44928,14.513745125690855,6.81685842762984,36.76931433585426,52.22078301926211
44932,14.368603029656825,7.033533300423479,39.60282467648851,51.495381821223305
44946,15.307484354514202,6.872379027714695,44.063943246202925,46.16483359520069
44947,15.32924010014243,6.401146961256705,39.38379102478232,46.41102924759991
44959,15.330198497816683,6.867426909349111,44.29819868022115,45.870043398133284
44962,16.031675030887424,6.672243796980754,45.08165907856815,43.05445330882865
45000,14.558094569343044,6.857079356084332,36.825224169908935,52.265406015981256
45001,14.417637449388405,7.079500480661595,39.94126284875183,51.33770280434082
45022,14.610403541834117,6.841103071675802,37.109053066811946,51.93535319672017
45024,14.355652787164388,7.046031003146063,39.384222948005814,51.75697904498534
45034,14.30342908615575,7.333863771259543,38.73148924280525,53.50097792679519
45036,14.573792475987334,6.735704408652756,38.09450038729667,51.61174998510397
45065,12.80329689528881,6.399108639343193,26.85938491720039,63.61529436654935
45071,12.390194451961609,6.566079149798459,24.954000807790692,66.91536148633487
45073,15.452066490397815,7.3852608813773415,43.63636363636363,49.000433129602
45087,16.502061421569337,7.616923454758741,51.91862096196008,41.26619631965586
45089,12.934853716566032,6.386746389922425,28.608880022560395,61.598236946826404
45094,12.259515660256909,6.228924259905712,22.633963946117277,68.91714540412043
45199,12.921717285143812,6.490330543259722,29.06535988775104,61.32018177629788
45200,12.342296029531516,6.227544308416056,22.837499532937265,68.4390140617021
45202,15.19048471183478,7.372196683585756,43.75104288336392,47.748414817286836
45274,16.88261955251942,6.954318035807286,51.36291484016105,39.18866357606148
45291,17.46293350880039,6.988300697252552,54.66581727451293,36.70117322291235
45294,17.442704759143624,6.9997129066956925,54.6207520759443,36.71764000126293
45317,16.000097494511554,7.144316064279652,46.15217249407106,44.643284523835426
45323,16.964060283902423,6.952163909130215,51.87157894736843,38.99894736842106
45339,15.990364620461703,7.13021998946779,46.5437052331336,43.956406517736454
45364,16.1789184998301,7.076511222083259,46.937717627703094,43.23931440934856
45383,17.97988055899644,7.007760174602677,58.75613570218496,33.40211111593762
45397,16.426519525105142,7.014791124461277,47.957608918530994,42.660882140274765
45563,15.007825777869591,7.0442968444998275,39.65274906986358,48.854898718478715
45566,13.529320912653898,6.746582827734061,32.06887946094335,57.41381154408357
45570,14.986362745112421,7.0301750992981145,39.535205231360514,49.04953479048291
45574,13.039422069105882,6.738138182374497,29.404670794777243,60.741204573389915
45576,16.44757361570507,6.78916332676012,48.382805253136745,41.61865937606796
45577,16.491844295236422,6.748227467347193,48.500170573614696,41.43111262732102
45583,18.095897377592824,6.476908064064396,59.127428423785325,31.497225537359892
45585,18.08712461073793,6.474857792392367,59.027914050235474,31.524725274725274
45588,16.75366308190552,6.69907000620621,50.145536658269485,39.55464477308029
45589,16.482388173188095,6.766764362605547,48.57414825685162,41.400600219463506
45597,14.16541302676626,6.593614170643573,36.05354735555068,52.257265573564915
45605,14.591070272001566,6.76827660983062,37.76775457801203,51.65889587134266
4561,12.416364683222113,6.441972187370033,23.977458056806988,67.5160264173489
45613,15.010661910366606,7.097223861741152,40.071243975693235,48.539498498288744
45619,12.912802465952709,6.889453070230892,29.880628438635863,61.622340953780764
45624,15.873978665252684,6.659844195742669,43.24089573923755,44.9827863933546
45631,13.172491585831569,7.450112030522284,32.16960278652288,60.53453010918347
45633,13.714401249038172,6.686581269882543,31.6870222992672,57.500590969978724
45644,16.72565987039713,6.724021070022951,50.15099365694768,39.7199034695573
45646,16.50036254865972,6.77666481704347,48.70197163883459,41.32570738938227
4565,12.659782331476604,6.474844640877193,25.224876680530034,66.3474868620434
45650,14.802442625038221,7.036854915149945,38.43157725666559,50.58625120462577
45658,14.833664770157977,7.102463171423246,39.26186017478152,50.53838951310862
45661,13.183253170299993,7.420842778128891,32.13511705685619,60.58729096989966
45663,16.48687769664894,6.759323511676542,48.474061971173484,41.52768862694754
45664,16.567022571525328,6.709871859343399,48.76162426659864,41.13309060550544
45668,16.08634376771219,6.78685026266095,46.184999763850186,43.73140320219147
45670,16.17347183503781,6.917696715036578,46.953920090463626,42.885412740294
45677,15.126195216293706,7.1712921572586605,41.43677529263065,47.910369841182614
45683,14.694391946722115,7.158218144331941,38.672736878088195,50.98822213244662
4569,12.310725525254684,6.789829571631897,26.51417225939216,65.22445012047196
45692,15.867472236421959,6.6674794400839925,43.220766129032256,44.94865171370967
45702,13.671052741126923,7.067005509221874,33.769443233028056,56.68503614425987
45704,14.489288811705398,7.929871647435938,40.111559864759975,53.11986107639483
45713,12.854777625446603,6.9440393781642005,29.91962305986696,60.982538802660756
45715,14.891293078934192,7.088068745227989,39.29114198871038,49.76932262266609
45724,18.142496881515697,6.4423038839691245,59.33488476841078,31.145059179741256
45726,18.003571298238313,6.545895021747312,58.75503641000998,31.939772545250683
45727,15.142651720817508,6.96279034730399,39.9872621822321,48.42403382297144
45731,12.981958728408005,6.846152711173847,29.471847047857043,61.49818527994289
45741,15.350375046637854,7.479667389143336,43.880169852701,46.93191893111011
45745,16.165233738038786,6.91641974691382,46.92828979793002,43.172745194677184
45746,16.015241995620027,6.975009034436959,46.25702307626108,44.03053885589938
45747,16.07918850232341,7.0578827324486175,45.28674656711856,45.27255659615342
45749,15.598827773826727,7.457538914137697,44.299178316618644,47.34179763687383
45750,16.0597597111638,7.061955530259071,45.17772021853166,45.35729055568857
45751,17.03525124350567,6.6872357814958745,52.095031378285285,37.64450526117114
45752,14.44025392986716,7.168501067920249,37.782628233934645,53.81138858573537
45753,16.31708998665159,7.4822643848031065,49.96468350991579,42.830752512904105
45754,17.229703635788933,7.064014224861334,54.699297058057795,36.84116025819426
45755,15.645055874092552,7.614756059328516,46.05937633489962,46.9813470027054
45757,17.059490892239374,6.871404213704956,52.01761896178804,38.26491528478731
45758,15.868623543021684,7.4257791355169545,45.72520983688152,45.71050428723332
45759,16.341923133469077,7.154044567814032,47.733585036670576,42.78197283339843
45760,14.7655101338429,7.46392185766302,39.455623511835284,52.01690088239413
45761,14.978121526557437,7.2919617255958435,39.965855853471325,51.3154760329266
45763,16.33052484578527,7.14147098897085,47.602639216496186,43.15249410306858
45769,16.695948562137378,6.751603828867383,49.90519080350794,39.72386821521688
45772,15.387680357130122,7.118926006992477,42.183029854262735,49.331897277102755
45773,15.66863250347142,7.190845165009508,44.11607692834166,46.92355074943536
45774,16.469465474410725,7.484904474149226,50.4077235661494,42.25597949109554
45775,16.986346450316688,7.030191723487313,52.131819872789464,38.01163223271724
45777,15.850669804259923,7.615812747770714,47.67469076898148,45.4448065393133
45778,17.078098188166628,6.872063182469741,52.129600432451916,38.17401684760575
45779,16.034901663726764,7.19067154905225,46.281995291912104,44.94306622213227
4578,12.621552589185514,6.506613546399862,25.17756828307613,66.39600955640215
45780,15.626948552114124,7.151594000712061,42.77199206530861,48.79358358129244
45781,15.782549105080783,7.120828077753731,43.54325429426707,47.90031823375544
45783,15.268216419268933,7.766707295498828,44.95432821794093,48.45105612414473
45784,16.518986172637085,7.198736260169339,48.62523047162303,43.544275739776126
45785,15.308540960769552,7.351133290363109,42.143823575432364,50.08881975572266
45786,14.045476167302203,7.016503611113467,33.8288151081328,57.12610417301249
45788,15.421911861024265,7.142598862858349,42.31004601977871,48.68427494369921
45789,17.327215136173447,7.1690423604501525,54.063722438512215,38.55681406390828
45790,15.222307768476401,7.791421148989468,43.811496633868465,49.781994954979034
45793,15.268135762779668,7.816152233370574,44.315745372994556,49.21445646548538
45794,15.852397710786688,7.67568342589657,47.50614151665257,45.82980951230317
45795,17.238185768311535,7.2057582688341375,53.46628593323784,38.496346236304085
45796,16.807731071404906,6.786559546405816,51.79190038833754,38.47623744067065
45797,16.036314432091036,7.109886271744429,46.28478598672129,44.61199792814428
45802,15.017045740255494,7.0120233491307955,39.00557966522008,51.200247985120896
45804,14.024056411605384,6.758701027816724,32.76722053918418,57.16209186327611
4581,13.065135069061961,7.161482690245042,30.874456945527456,61.24763283947867
45812,16.03985507290775,7.424414573791313,47.076827842355044,45.46908315565032
45813,16.572207926635038,7.106625257851328,49.011093365563084,42.6917598307938
45814,17.217703586485715,6.915503215495335,53.68848477783607,37.44827184239669
45815,16.694920889055467,7.333966219355539,50.588556670308925,42.47293135988875
45816,17.44017758660885,7.021476626432212,54.91415038484311,36.4598254359327
45817,17.56915430030785,6.964846447105452,55.53079723886823,35.72593491617993
45819,14.119160977908669,7.9490218511229305,38.428653572113106,55.19629330244419
45820,15.331156021399352,7.236945360623395,41.5435243090579,50.53964091184184
45821,15.304916424918785,7.289868928825165,41.618502772281104,50.576987127995146
45822,14.105244292834453,7.9087575203082245,38.304360312874834,55.309749463619006
45823,15.185298641989075,7.534508047394091,42.428865896047206,49.74840352437152
45824,15.815189167812669,7.064068405337572,44.729941137409824,45.59543505419185
45825,15.591578760289726,7.283133771253675,43.08387859827169,49.06144484080807
45826,14.136401636599999,7.953371564728626,38.49488953434216,55.10834864638288
45827,15.802172212076668,7.054865594085881,44.761733379820726,45.582760676166586
45828,15.346759072721907,7.267689548674144,41.73964842017212,50.465773564340125
45829,15.390905754959606,7.26464585880039,41.94339659519575,50.22965815139847
45830,14.045756135857106,7.922614022733448,38.03842094152417,55.405530926746884
45831,15.169301232024456,7.535876183255581,42.349049637354966,49.82752865249805
45832,15.574054681294088,7.272996366922849,42.95120061967467,49.16872910014925
45834,13.233551912557502,6.894807279772023,30.07231520483095,61.46606031237186
45837,14.056732709904693,7.013745734194867,33.837754653378276,57.08082954712004
45839,15.444740443240752,7.096360608248782,42.122945865021016,48.91547296062527
45842,15.990452074993797,7.271914643928949,46.474959283387626,45.06209283387622
45844,15.669117727373706,7.154716684917905,44.38879500179239,46.60521329441286
459,14.161478838157246,7.062479127129134,36.635080446155364,53.39880893626822
46073,10.810506935902312,6.105870714070965,16.901120888544067,72.12785071152943
46076,10.793193216460772,6.089541430466508,16.738412971731957,72.31105098087448
461,15.63954416278953,6.921757669300423,43.62951152340919,44.87813968898184
4611,17.080394710839418,6.618651844719145,52.0441354678232,37.036800816378594
4612,16.889682681017288,6.568486660238502,50.64696794129008,38.0359212050985
4613,17.258347959346303,6.529555944988803,53.004958677685956,35.65289256198347
4614,17.403532417752285,6.556269317001297,54.242310705405494,34.99097380700977
462,9.002824039909163,5.906450985917597,13.161998440592576,82.98746476338991
4620,13.114802767888268,6.870785397597166,28.483565782095116,63.2387257828187
4621,13.993665076768846,7.040752225537022,32.734734929595746,57.21562520277723
4624,12.816245336576573,6.408833020959556,25.74152312858845,63.051673708157296
4625,12.781473073470936,6.415950135137917,25.60475515323372,63.44203293707057
4629,14.182719096008933,6.787459385907621,36.1951952905801,52.32665247911571
463,10.642866035561322,6.929269160938409,21.216052586057778,73.1949489707663
4630,13.000734196092061,6.8905499274645265,30.54322135305927,60.1865129204205
4631,11.486442227484357,6.432576930033412,21.07526249804106,70.64625450556339
4634,19.957566791876427,5.7501073905605855,72.38465699786187,19.440222571421213
4635,8.926887565254313,5.912312851305338,12.347281510524697,83.64088907920619
4636,12.830827256791403,7.222495217514085,30.815660417589267,61.70676901376109
4637,11.9511963271797,7.042696241507978,25.875521985792005,67.02048014374365
4638,11.649491611295778,6.858906101709295,23.931637494644303,69.23687258993606
4639,13.70706016138645,7.150815273829145,33.54618015963512,57.67616875712657
4640,14.798185181856011,7.031264699176966,39.343125091714356,51.31068155440829
46400,14.436258161910994,5.918475834918447,31.199693955623566,57.09716908951798
4641,16.23930707859313,6.959249964193048,47.644181428019245,42.919215748997026
46422,9.758525719287547,5.042794630497167,10.236254295532646,83.50085910652922
4643,18.105754203374673,6.738584077895528,59.88230084703395,31.90018426202346
4645,13.071366629693742,7.141994955330737,31.439746184563205,60.65860729719381
4646,12.290396440097082,7.007234151795933,27.675460428073666,64.11149825783971
46465,14.793196121059339,6.546694429779544,37.60157970684286,51.199969621022255
4647,13.925813858751797,6.819742422422297,34.374090440028574,55.40973196094515
4648,14.713332437648724,6.977988439258787,39.71688478255706,50.328955181340994
46484,16.73757737743827,6.704681186841366,50.42475494906784,39.40322890640016
46485,17.198663496172458,6.678215731213431,53.57745037617592,36.6036024512483
46487,12.190686144344312,6.583065383217153,24.94981934965877,65.71776040805725
46489,17.445322514436352,6.825999637858593,54.62417184347246,36.34197105225528
4649,13.389982991205745,6.783825019069193,31.326352530541012,58.29206169520306
46492,17.369133624490463,6.867627622832328,54.26535751856929,36.83732347221779
46497,17.370206633117316,6.862975465368043,54.29468884034632,36.801824066839934
4650,13.333964676451187,6.82875774589003,32.0869327093032,58.515272971694586
4651,13.22860617089069,7.028480937867085,31.910569105691057,59.284262485481996
4652,13.188455312263129,6.927773465627884,31.225402723117163,59.38302085115744
4653,15.47746488669631,7.019430396118728,42.67203061670358,48.3614338019256
4654,14.396039685250594,7.213395289484922,37.931278480654385,54.57671733038975
4657,18.133885054953133,6.674556502404671,59.42638851583252,31.54564717820157
4658,15.32804180431095,7.032076647680618,42.0957215373459,48.72817537792157
4661,14.536010368054262,6.715900041984014,36.04671212477467,54.30833137393213
46642,16.587545097191892,6.862972057623562,49.27766764402132,41.230517206585866
46644,16.445057452465075,7.071375433722845,49.09424178872798,41.9901910596628
4665,13.473897565811079,5.815188414696684,25.617056170561707,64.17384173841738
46664,19.304004188668987,6.579696619478574,65.2092882687755,26.94303127990732
46665,19.69227634375815,6.429967387859651,67.80892866239874,24.80089660208188
46667,19.360484905945125,6.761708939711784,67.3611439041206,26.05800742328797
46686,9.535471538595386,5.6656804196058745,11.661367544630155,83.21683512513764
46687,14.09339615312305,6.907240852060529,33.509305654974945,57.70145209121586
46688,12.564436910940955,6.78704221326463,25.841873159883242,66.49060513779553
4669,14.542251528881495,6.152700595104321,35.47516892325874,50.253063741232694
467,16.5382438343903,7.088233474296611,49.48882571121948,42.00666503492554
4670,14.127006832021506,6.133915424659195,32.779011047500354,55.80480585738209
46707,16.598193856628892,6.957579007266534,51.523166232638886,39.51822916666667
4671,18.544459758056217,6.154733698077612,61.30318028009586,26.994448659128405
4672,11.854153600594465,5.826446046675997,18.817417179607165,72.15842962216384
4673,18.47756861682377,6.112469105094746,63.1065098450349,27.051731481178127
4675,17.789921351337682,6.240772978550677,57.26150848420881,31.700089307461234
4678,12.766097410731742,7.112675339050066,29.461066773487815,62.91406033340523
4679,14.86393695507025,7.2462483530698165,39.163544058987064,52.37519642209597
468,18.68898110880665,6.309680805821193,62.790087354253366,28.200802309451507
4681,16.921775369853723,6.1857402181352725,48.129914644801396,36.0995362591572
4684,15.37466277122805,7.090740252452332,41.814122614087246,49.34515191370373
4685,14.539760582272184,7.1855782496411855,38.37563912161166,53.29508995884681
4687,14.547027586127033,7.012370650120817,36.96067164033738,54.253267623741166
4690,13.953471319575936,6.596530538291123,33.0619550152241,57.20662221300652
4691,14.060076021814108,7.396557071341827,34.71939374951046,58.24391008067674
46977,18.380738712056814,6.487593346582786,61.352990411300866,29.865934420933616
4698,12.961051312244873,7.043972676566994,29.235871922439088,62.56920525577242
46980,17.15632620225028,6.858745484163232,53.266990665740956,37.304636272467796
4699,11.750507208315177,6.577227553738352,22.951194132128627,69.02870485520673
470,17.852934056015716,6.700373710435918,57.36365195963755,33.93533897908576
4703,14.407015363998575,7.167498902930305,36.77144610054495,55.42964379804396
4704,14.368337612904863,6.734211653090503,34.9828681751159,55.23024536167775
4705,13.034249704149484,6.925359082929289,29.464258458407528,62.55609259730348
47077,12.56156514442445,6.44471820130482,24.48138512191191,67.0273754978933
4708,14.482720493916434,6.843190879001247,35.673628237546694,54.73105859582306
47083,13.630438154134357,6.746420316299496,31.57629437603514,59.6615539713401
4709,14.162400936849624,6.693168290613848,33.9241925313529,56.296103532143604
47093,15.31767285028739,6.876523729330919,41.67498493718582,48.835891763563275
47097,15.473284798066254,6.858451678598489,42.50347250592368,47.958711223683856
471,17.428667871296238,6.837643781863733,54.90047632566796,36.20548247689347
47102,14.816361706652255,6.532913589254113,37.30212231804552,51.99330528371184
47105,16.831515005487447,6.687000040032407,49.81796396147288,39.977264697297876
47106,14.55897789253195,6.5839433858538925,36.1811942347289,51.92999313658202
4711,14.797587218073721,6.543939751009516,37.34491805872348,51.82274842775587
47111,16.55187195388281,6.80680774185924,48.81621258701721,41.38308774161631
4712,13.895547093131688,6.738469804604809,32.75678790347418,57.80124581499548
47122,11.904986728687158,6.3591283506494936,22.64403751674855,68.87409151812903
47128,11.213376276716367,6.390773156062331,21.3941942896785,69.91349968565048
4713,12.50465671292723,6.956597803162701,27.509200562631264,65.11493477716334
47133,13.947480873997053,6.492329067931987,33.24562968248305,54.53197466999643
47137,13.32730477158272,7.31150509203042,32.124386686115905,60.837422092560665
47151,13.457014171617208,5.67087129929077,25.582856245449225,59.646217323644045
4716,20.180213008074848,5.962062214463635,72.02263023509593,20.859864176210706
4717,15.791088820554576,7.397590960006328,44.888917704011064,45.831172199170126
4718,9.193233813560106,5.9675929326047275,12.203295168947221,82.6057277607124
4720,17.414566015830932,6.525522261894074,54.69267672082483,35.76824193591136
4721,17.397190549033485,6.544710805084853,54.738844690418546,35.76617087512971
47229,18.399433383792054,6.581872580050935,63.19498939169355,28.856046734676084
4723,18.042050418503198,6.735270327348704,59.39533213644525,32.27576301615799
47232,15.863448108835572,7.2401426315010795,45.595033805009336,46.00294445851033
47236,14.92688747987302,7.84335065000034,43.84247448979592,50.54953231292517
47241,14.9203455689507,6.5853483479860335,38.55336378323394,50.00997267487085
47247,14.79029875789927,6.618691033614914,37.80132290556706,50.91276463137579
47254,16.498645596595164,6.996746666799496,49.27556840625049,41.45613120348865
47259,13.344387180388777,7.575107514618699,34.527444565612505,58.020719738276995
4728,18.069194582534575,6.762660985222036,59.1730817979267,32.59242458607394
47280,15.127577288758339,6.5921365763786035,40.13188883655205,48.9366462552991
47283,15.549253098838783,6.835893388604274,42.984218475053,48.635916478461475
4729,18.29186515470901,6.623111592852533,59.75978000053922,30.852497910544336
47320,16.358188455276586,7.0744559787926145,49.37357954545455,41.5
47332,14.8654133615566,6.798985795508478,39.54228499910602,50.97324035997378
47348,14.313668850115581,7.509282681229874,37.6246707827814,55.2512844868529
4735,11.103376759335102,5.755738802500301,16.400714394107414,75.25184726907678
47353,14.622120098877256,6.63163907674437,35.53759291604045,54.99411024005849
47357,14.348057243418843,6.21880465257523,30.423571551872953,56.30178663904712
4736,12.464509095804951,6.270738708405236,23.745873820261288,67.1265516760426
4737,14.077075368535894,5.696175253492324,27.96572610429901,59.12133368183006
474,15.909797804518783,6.5198217445734405,43.78391711889492,44.51433426519761
4740,11.244975693575405,6.477898690132251,20.186329965150694,71.90340262332977
47409,14.08676933157496,7.031234691507544,35.712463950089266,55.23140609366111
4741,12.477849987102832,6.455718937229926,25.011352125467184,66.29291976667015
47416,14.306277687314147,6.948404086690586,36.92422532134144,53.71954993991916
47420,12.767431685783292,6.6899318511641335,27.89209691426951,63.38420091809787
4743,13.3649361035455,6.829225198541989,30.458941445401795,60.53455248813082
47432,15.256529229996369,6.613194857380205,42.1038243503784,46.41736928433714
47441,17.227977629497204,6.607495300088871,53.766829780763594,36.05236238975975
4749,15.319832556001835,6.815205290434611,39.74162667112729,49.99034960176023
47492,17.546006717529036,6.740402714936618,56.42228671721748,34.79747169421724
475,16.938281085389697,7.020742005364855,53.46494015464464,38.23747484376655
4750,15.846334693653448,6.465786618718292,43.394675950954735,43.94070453906537
4752,13.929875649590906,7.026006496955512,33.50797295411587,57.34437833792132
47530,13.275368056473074,5.883902673726664,24.87737702888796,60.02104318494793
4754,15.07718956572404,6.987692447584976,39.415236468121456,50.64326577101291
4755,15.8531632795695,6.677073861410118,43.701133221276365,44.61313235373854
47555,13.977483088874155,7.0787334609656165,35.66086914157653,55.5052129007113
47556,13.592754827712012,7.02292906627229,33.02214476362263,57.54469780989873
47557,13.234192085383816,7.019560660682712,31.197939963973546,59.98766879843321
4757,13.770771860919746,6.758406793765545,31.25824956848411,59.731952482485525
4758,17.7201550021288,6.795627230521187,56.16595434170749,34.8978421765871
47586,13.067061561263003,6.442194375193595,27.62908205171779,61.80219219984706
4759,13.389435568797264,7.452438802716884,32.44805997527615,58.79225319349736
47591,14.071516979510111,7.333488558759531,36.955061301854656,55.085294752753185
47597,14.05065487185964,6.879370815509467,34.20273433742023,56.606556851343115
47599,13.912114804763872,6.8910612805669205,33.610970394543074,57.102128812600874
476,14.852816403512659,6.951873352188926,39.29479707534174,49.507258662710605
4760,16.425596467880787,6.799987423351277,48.558301150219265,41.649659329963264
47605,14.589509338037296,6.7667179410712155,35.33796472309589,55.1216027834422
4762,13.545067755514644,7.172800801800623,32.03454967466992,60.01801047651662
47628,14.754890128162206,7.006156583556195,39.775937277810876,49.75787390226561
47633,14.040650755939817,6.8798898265972035,35.63682404536029,54.209406022349846
47636,15.15731249593619,6.885362883081939,40.415215905762906,47.954833881097265
47638,16.468940726848473,6.659123899896934,47.12175605922592,41.1330797120863
47666,16.00644520416267,7.049825331367296,45.79111036992711,43.95864193292066
47670,13.497077785180055,6.600454582363503,30.85888971091165,59.46202487471908
47673,13.42126011931017,7.766870849305822,34.98363949197888,57.84558465195381
47696,9.30411114198259,5.634994757357832,11.60531894391983,83.33012141067643
477,14.654511543339334,6.710654239666921,36.647918121105945,53.37407958691729
47701,16.62910242374668,7.138663995956464,49.24336759460543,41.93875182034993
47707,17.594448545426644,6.996864694021088,56.97562650188809,34.82148987298318
47709,14.276792359725514,6.903620508678891,32.85091003809462,57.690554488327415
47715,18.02967848561463,5.98097768603579,56.462105694387546,32.8258910282671
4774,13.310026603035672,6.613011998508378,30.263540636453545,60.561987317470475
47740,13.846564308892129,7.237608113739869,35.19539938875526,57.1875508617104
47744,17.506960409547883,6.909124076134911,55.65434638841943,35.38283488867661
47748,13.731297524684964,6.521531308204905,29.673892069209494,59.870071396410886
47750,15.216260902484505,6.993439197991072,39.76772238898084,51.04076079333464
47822,18.505241855126606,6.49556746033448,61.68156907989616,29.207528122295933
47827,14.323602430314962,6.789651086153451,35.92540980600682,53.81935531189262
47831,15.431325268700416,7.300757690735262,44.59173871277618,47.19088788253053
47835,14.309634231403336,7.358686236831362,38.76512274382365,52.92275165420305
47837,16.546756262048174,7.0607750585307505,48.724309000708715,42.32149184975194
47840,15.155236282674613,7.206764781795869,41.63753124522782,48.91696605823869
47841,16.846097084686345,6.6450152163183756,51.461038961038966,38.03071928071928
47849,15.591736458784927,7.11010664071919,44.23755252322264,46.98843435124159
47850,14.921691944747533,6.809515674253358,37.458851866720195,52.541148133279805
47852,15.670459179460083,7.000965137548629,44.10211068036002,46.5313201387472
47855,15.054048289222926,7.066575024230256,40.35952948532572,51.05787643127907
47857,15.321596147341618,6.899784052937227,41.46821656717981,48.92030579118232
47873,11.938732061462261,6.621343414657847,22.775757738390737,70.55855952556655
47930,16.937036365310078,6.6132247785422384,52.30056613484303,37.93446560301938
47934,13.994406584545175,7.120412760981576,35.580642714469924,56.404389269550705
47935,14.736593853361688,7.221523615860768,40.44777628884225,51.217415488862486
47936,14.715004931715159,7.246299470085519,40.455941263442554,51.222625200611624
47941,16.265334803635668,6.9773069473969676,48.201917499744106,42.56712955064997
47945,16.345157169605233,6.9753904703811935,48.818290803219725,42.18530570303134
47960,14.897014251028809,6.690498181122105,38.10454941901359,52.11856061671778
47961,13.492963654717949,6.954216834182601,31.903746290801188,59.23590504451038
4799,12.905530481343865,6.386022270307261,26.627265981130076,61.28220078448001
47991,14.259102652912297,6.953364430811811,35.10702784618299,55.199848456146995
4800,18.5091272897558,6.06197570263241,63.04064462614054,27.163170991823677
4801,16.54351022774274,6.110224367970653,47.59682295915919,37.107069155828576
4802,18.350791296178,6.349404841597147,60.79438411231776,27.4842503149937
4803,19.160018001667776,5.806521800108332,68.7528731857884,22.642345833059697
48059,16.460183299961592,7.042015974667525,48.34991919707408,42.00369992344986
48075,11.692145073006479,7.029824380791777,25.38157260009648,68.35311143270623
48079,16.804914178703108,7.092047454316081,51.11654424550274,39.37570475598318
48091,14.8889824405117,6.483372931008376,37.81164243591989,50.90208442809598
48093,14.013128029666774,7.243607831817854,36.504165886538104,54.24428945890283
48192,17.969249619224318,6.006935839351168,57.47767857142857,31.065418956043956
48196,18.776015974721687,5.775838866281563,64.83442595394185,24.501116634248252
48197,17.81935467163787,5.968434712595409,57.528082168252546,31.307753083027034
4828,11.747963465385896,6.788129310942834,23.629248372963545,70.13484197541368
48285,13.093882003519239,7.2389693515362925,30.72756643755345,62.177314624180426
48289,14.712524460231005,6.534406278814209,36.898700053914816,51.97837416881328
4829,10.892925026086761,6.471871738846796,19.23379652818524,75.04758361120254
48302,16.96736746546084,6.886142800601245,51.667381434761396,39.38717262388903
48304,14.644851133729553,6.355885160809076,35.65886867774781,51.67108249076241
48305,13.63373593857383,7.066572557140375,33.236924791728725,57.915269383401714
48312,12.688205002688697,7.097012718488572,28.581484841848386,62.27669492851109
48314,11.942318238886683,5.9688181894291725,19.995396553991846,70.7571572624841
48318,12.583064218956942,6.9864483759196325,27.84814134633652,64.84073206256728
4832,14.722479916189892,6.756240714416103,37.55866788833,52.173750444099554
48361,16.330214076739374,6.944053276519836,48.344713634463396,41.83106722672347
48370,17.47227337762427,6.5309018780193835,54.65315192888775,35.25076340149323
48371,18.195446048128098,6.500870536416005,59.57062119833325,31.186838450117342
4840,15.647030613086944,7.517331947754886,44.73623954205196,46.46059004843681
48408,17.349904751744948,6.75263130270145,54.33123387132047,36.1358964265407
4844,15.950062660716837,7.322297965992549,46.013626501195425,44.290274879420664
4847,17.418572069550205,7.002834795272473,55.94742717953922,36.10829189079468
4848,17.73218671869885,6.990939392449824,56.98559863200363,34.712907793838674
4849,18.62349154167383,6.09065567979098,63.36568034786298,27.65934881747799
4852,16.478067526782016,6.96326147370724,48.52570097580774,41.975613629545975
4853,14.794776899666015,7.362034042291562,39.976216111977116,51.83762675365998
4856,16.35677416632709,6.9785295112622,47.85789612443976,42.980490377010284
4857,15.533939290384502,7.202168138187203,43.76254700709701,47.63480080300845
4858,14.872831473729127,7.558103132810887,42.31254475398097,50.15344222047943
4859,14.60876845505693,7.533011897498994,39.58975940777298,52.67967304133251
48593,15.671924266766235,7.1761658784980265,44.90180431795008,45.89706077935895
48596,13.988624005982738,7.2588089954746495,34.95308728005774,56.86145193001667
4860,14.312491068711093,6.790903412740231,35.04846373139056,55.37662337662338
4861,15.16566091465594,6.778943444876238,39.980797897875135,48.67732888653074
4862,12.709203881808769,6.509835943332001,26.227049811534876,64.1895999675759
4863,17.24383649734371,6.728862157357329,53.127385670811414,37.30483251937295
4864,12.747689814180228,6.9901110089687215,29.056396752249285,62.03203862190038
4870,15.900871624483916,7.17152676634151,46.3649399238541,44.84696652547262
4872,19.874766842725236,5.595838446829566,71.13461069835711,20.06267815955162
48728,15.299037851479412,7.490389423317363,43.22447241987472,49.241622574955905
4873,19.72464974400281,5.81891158665876,69.45051359587026,21.435271771745526
48771,12.685321818475513,6.754371323613512,28.211563047492778,63.77353725713023
48781,13.220588546001862,6.699043860645857,30.18305845781884,59.19465791670264
48784,12.526076566302999,6.538622745203731,26.179775280898877,63.92106021319505
48788,14.56276462537777,6.709527328180538,35.58073722910217,53.79982585139319
48789,15.592881658755482,7.296531002188374,44.19623017808561,47.365568670807185
48792,14.850887588835137,7.008105589866441,38.54743886091849,52.336320361398734
48793,16.003728250324322,7.149078313668268,46.19310127579146,45.27327138131989
48797,13.544977131954973,6.372214901076856,31.687194358540836,57.21822131384362
4880,15.100303080565947,7.12409607233658,42.1043516594244,48.77511178285786
4881,13.294582289910755,6.669680318972098,29.984179267059158,59.85942889747646
48813,17.720410990300508,7.2098829177101615,59.21736976801783,33.05126723355073
48817,15.24885541692221,6.376449477995534,38.38795872537594,50.369538645214476
4882,9.449355519718315,5.772775511683007,12.78162221474966,82.82038121869635
48836,12.708863038790751,6.918622373831331,27.86613415112506,64.03023927539849
48837,11.22828436815126,6.6913752827791,21.426140016893807,70.06896203936004
48838,10.76681816811751,6.6978869423342235,20.200580295193642,72.5469912955721
4884,13.050329027180828,7.172425945502619,30.69319740212694,62.537842523352396
48841,17.58991475695627,6.907338466621031,55.53915723107076,35.34127536984781
48847,17.978039115623353,6.684752351523805,58.2188991343031,33.30374578377418
4885,17.696288419791497,6.175371611830988,54.94731121108729,33.91406745372747
48854,13.412805461331084,6.939965598339268,31.336713494980607,60.635160460825475
48855,15.951035331633951,6.7207120900792985,43.77459488823818,44.94057477508513
48857,16.516316671628967,6.623591007228458,47.53075971616431,41.32803853915761
48863,17.007588555320282,7.14695168650496,52.45934830749762,39.063587472318886
48864,17.06203649631897,7.133454372138079,52.75524794068151,38.768331414255165
48865,17.235156704616625,6.697473396300403,53.66647312140127,36.184497024241544
48867,10.217752373382458,6.735802325042801,18.244882228922492,76.43444945705153
48868,16.575139205630773,6.973722089364477,50.53515783769137,39.87671047283566
48879,13.99144480699646,6.23332385018817,30.22936658226771,57.93740292346645
4888,13.268052811527069,6.69968556979928,30.595466569842834,59.39623424451476
48880,13.90857332005951,6.323444313607387,30.089404115155922,58.7789280061599
48894,12.874254991098736,6.448809822014136,26.75344426552156,64.27245482197172
489,13.30731341542657,6.073261677771148,26.54517443392593,60.581581561290065
48946,15.632225733028255,6.760493981034341,43.0130617927812,46.762870054630625
48947,15.632225733028255,6.760493981034341,43.0130617927812,46.762870054630625
48959,15.382665247926296,7.224641969963998,42.18231571746195,49.799897383273475
48960,15.367460195253665,7.235969031515388,42.153632144852516,49.836379599329554
48963,16.52202521007543,7.123724664487813,48.485021008164146,42.88625986358927
48966,13.196787378213095,7.00011092361501,31.396059113300495,60.20591133004927
48969,13.434088370391153,7.213993722415128,33.19130004943154,58.752347998022735
48977,13.46622496308521,7.22606648702205,33.37452668835085,58.47215493974236
48999,16.878083198425056,6.885995910336716,50.80868944739555,39.76948386585269
49003,14.049534477548068,6.73594757157358,33.71720391410896,55.735780508285785
49004,16.776002114073993,6.87990654646446,50.37032064621512,40.01253048712269
49006,16.776002114073993,6.87990654646446,50.37032064621512,40.01253048712269
4901,15.119900546890811,7.193971429799934,41.420147663644016,50.491055943709426
49018,12.97222339124482,7.2240588968209,31.24531992603573,61.47592340724667
49035,16.35828140970738,6.862194707178229,47.993671958867736,42.375275439290355
49036,16.71387785812338,6.45794357613063,49.147510776965156,39.56823894721278
4905,14.237591933426069,6.578846886367758,35.296627320563175,53.65875004102351
49051,14.001649175754293,6.195643538087615,29.91916350871166,57.916715869931615
49052,13.845749475155406,6.269595337570185,29.59300842051544,59.05949647018798
49055,15.842178235876988,7.005740137813206,45.90844451020526,45.06506210286635
49064,17.137242270009814,6.510894267812807,52.59317089205736,36.64050622508937
49116,15.629281171368632,6.951059097706051,44.159203980099505,46.256950541410596
49120,15.940746769924216,7.038630987626712,45.91562409077684,44.75298225196392
4914,10.698047911765384,6.523521146694176,18.606199292698147,75.26315789473685
49147,14.379981425620649,7.064506573462539,37.52430950382045,53.02925642142849
4916,14.048814589148117,6.719439964285067,33.3815379743495,56.81743811685227
49163,12.07915333357398,6.4020017380985825,22.48570906528151,68.29500665605178
49164,12.608707827228095,6.444531595543049,24.74682716210912,65.71372497710323
4917,14.225441295569485,6.687036145183229,34.16057013118062,55.908383787420114
4918,12.87097880770323,6.56475734997432,27.348389566358616,63.49756657735003
49180,16.715734430367878,6.987372111064721,50.10948396977483,40.339463591833635
49183,14.03348680331583,7.146488550377575,35.422041585674734,56.30676798020852
49186,16.66684114378689,6.779429125869309,49.12507554568582,40.093325275126844
4919,14.512191234021744,6.726307516247795,35.836641012413004,54.107663637990754
4920,10.480761515322243,5.763050174237756,14.42678152727423,78.21057089440467
4921,14.49743618973164,6.750629716819202,35.877300871466566,54.194918372281265
4922,15.64714734294186,6.748099359290606,41.99265413828763,47.69104589380594
49221,16.002748171627267,7.378283032258489,49.27725325415823,42.165877312840955
49225,14.911557417473816,7.163170067112253,40.21651749825821,51.21657109169837
49297,11.856895622982707,6.7941176492694835,24.466768464196736,67.45318653057944
49301,14.616156774664901,7.089272720264874,37.8896820581667,53.36594937199065
49302,14.6247550004169,7.082171791783099,37.89871816386332,53.35304064956691
49303,14.762302116704458,6.981308699961932,38.01809221108437,53.10437121202373
49304,14.762302116704458,6.981308699961932,38.01809221108437,53.10437121202373
49305,14.762302116704458,6.981308699961932,38.01809221108437,53.10437121202373
49307,16.796814992415936,6.507596128717777,49.79945699123781,38.90534369986425
49310,14.504989534847851,6.759703661529437,35.37702173752493,55.15004554294577
49311,14.27801456428249,6.907366155193269,35.16590360852656,55.58263181214001
49312,16.91080747648795,6.384996666877438,52.26740813346402,37.11067992238603
49314,16.484636354414253,6.557462379230574,49.01268864028831,40.28830993317817
49318,17.16675479137836,6.324455448188097,51.71784042917476,36.47414678689647
49320,16.656513574306544,6.763919796764201,50.046988766610745,40.21184468236472
49322,18.06043239380227,6.050212013879319,58.90229836554421,30.323234028188033
49324,16.90695822723749,6.905981861170495,51.92227353303149,39.14889292851739
49326,18.127793140342156,6.0573049520176205,59.36354179101932,30.06634036529836
49328,16.902127987993197,6.848687058416623,51.33711148499071,39.31860444523156
49330,18.314990281757918,5.996424322522902,60.620517041541376,28.87067242277133
49333,19.71930093633474,5.8521459815991745,70.10060194538752,21.77625960717336
49338,19.700311671501208,5.818290318253486,69.92354304770426,21.706860791410794
49343,19.972879149299903,5.695117350467127,71.68640721940214,20.15207536922145
49359,17.098704694797018,6.966176098187661,52.7096709804052,38.18157623340763
49366,13.996368223346995,6.813529392494092,33.127542897576504,57.756943215991505
49368,14.470760367387362,7.192836559989523,37.61205154861615,53.28651850689472
49369,14.558199756293368,7.1950271484827075,38.36512475030355,52.65951196584544
4937,15.662905990475249,6.800815369965196,42.9320927468405,47.00578507024728
49371,14.964371649596417,7.367464481255229,42.15318693090519,50.06342852310208
49375,14.85004876891358,6.937959302709144,37.968570333461095,51.54273668072058
49376,13.97440260302619,7.26000431536255,35.52938499175058,57.14096072519011
49377,16.266949859515947,6.7219563317836535,46.64622858073784,42.75558715066424
49378,12.729543905954344,6.496632525270065,25.29157944204725,64.64732772247618
4938,14.59972991880062,6.780349884809673,35.689185708503516,54.233359090407326
4939,15.383200728424516,6.777676651363978,40.6139099257308,48.928035707752535
4940,15.183469609471544,7.018311062023262,39.74655223004695,50.84452024647887
4941,14.627300274499515,6.799965148301629,35.984915334528466,53.849654928988755
4942,13.461441726248568,7.100783071787595,32.16345448063251,59.54323343749345
4943,14.523244337782486,6.913089429358212,36.30911601336467,54.670784278592286
49430,12.44844534607372,6.285157576944385,23.509364956222985,66.79042447079685
49431,16.206589271332135,6.811838196438223,46.930832573019046,42.731587882707565
49433,16.13776388170967,6.745635861011808,46.73054003077956,42.72225500746346
49436,15.777305065063107,7.067281213982476,45.10937427738982,46.05975119086158
4944,14.140072298549462,6.694578057279383,33.219570772050524,56.927327392399576
49440,14.351481225654021,6.731191966108201,35.47049033414416,53.488669824606326
49445,13.619597479329663,6.53411738192173,29.443121357993412,60.48441854573093
49447,14.443777726335936,7.196019865823022,36.819165594486506,55.15593987812054
4945,13.814279723788932,6.72814227063505,31.870430356316522,58.71818602498843
49452,14.40915123493397,7.068134673867427,36.78190540379812,53.9804939935773
4946,14.671190270976526,6.997440439599861,37.51245746505176,53.73005683297569
4947,13.892874881488954,6.759118153508804,32.735588134275744,57.95386756810499
49475,10.762956048669077,6.396543360839308,19.000658665105384,75.04391100702577
49476,12.320365661392069,6.213670051180834,23.811046511627907,67.13081395348837
49477,12.35516298843789,6.200342570181068,23.953340647918232,67.0352832476757
49479,16.09509592676309,7.118253568288598,46.300471408075424,44.2729436990556
4948,13.731925745950743,6.635793434778595,31.362382394435805,58.87332296936639
49480,14.392572705070172,7.483526090403194,37.74189372856126,55.09352145492201
4949,12.055006347935063,6.45266574203296,23.26690580576591,68.72724857180815
495,13.056781354070335,6.981678325088257,30.192361304711458,60.72774875456055
4950,11.238765809677469,6.195161338266083,19.42503863987635,73.15239567233385
49501,9.35652983787591,6.443400864887591,15.206004747671814,80.14243015444349
49502,15.523790936611903,6.376031870112626,42.02423775265502,47.108384720794795
49503,15.529888113460935,6.38060078660803,42.09315021569488,47.012920283882295
49515,18.825721220163796,6.292534302305403,65.57274401473296,25.720073664825044
49516,16.09441663470945,6.614108365481749,45.554616837292514,43.531955074048305
49517,16.170488002578374,6.5861364661013475,45.910209882496254,43.176915463289596
49518,16.11637685932513,6.620430209842518,45.72202480057653,43.40349394895753
49519,16.16372197100553,6.595495140454471,45.90746427755641,43.17910712926068
49520,16.104405573578266,6.634375165573249,45.719539772868465,43.41591908749783
4953,18.590539216015987,6.145937443857271,59.88110522511248,29.442100833989667
49532,12.403431642686682,6.869867062700612,27.447805288075255,64.81167875993523
49541,14.53720811462695,6.858494319157176,36.67183427315627,54.52903797338967
49551,20.080465042518124,5.305643102587254,75.65351461209615,16.61994533604317
49552,19.701122011707163,5.400877812305802,72.65036944962364,18.120295559698913
49553,19.63233913310069,5.498873634268096,72.23292132077454,18.757659581918134
49581,13.914094700487334,7.058570255086348,34.396727542412165,55.9087327338463
496,11.990294452452705,7.322090364035119,28.26529139272732,65.27039617862815
49602,15.308077711849856,6.8167836048916355,41.536937959686476,48.42936679508701
49608,15.656460518822547,6.4904883489319865,41.42363089480449,48.00381613642688
49612,13.461453050482664,6.734501029608202,32.035805816588045,58.88769206007255
49615,15.285668187835942,6.818382775036945,41.27878171529896,48.447156379566614
49616,15.803830078570728,6.658637724191085,44.96498796800139,44.589936479719036
49622,15.333380961080191,6.848375723808657,40.43028265209625,49.20011558264159
49632,14.26880998872297,6.4218556064402845,34.66572631666286,53.30954800970773
49633,14.126906755626601,6.408445026089282,33.958467315312326,54.18749870340021
49634,14.285980752768012,6.427104099558821,34.908419589703165,53.17264411209525
49641,12.13191768867409,6.655885536482952,25.28667797804936,65.3715953147925
49647,16.068190588154142,7.160659487514727,46.608020962719706,44.49133075836722
49648,15.462273245853018,7.021956145403776,42.610221311190635,48.12562971198277
4966,15.362605187674083,7.427068178586285,43.32035161900523,47.84355179704017
4967,16.205248264756474,6.966862628013934,46.605761360335855,44.139624534628894
49671,12.625060688819046,6.293651909444437,24.902584314954986,64.36153536077394
49672,12.806160401018975,6.011405123680588,24.423649376147953,65.21628982202799
4968,15.63247780851529,7.044066236152879,43.62708439931253,47.20877448472206
4969,18.09043812429927,5.986809894061025,57.00716587313038,29.08190256336267
4977,15.46828350290135,7.175427849212306,43.49622201821906,47.907986724101406
4979,14.919582915751622,6.935609085846378,39.60302203942957,51.092136438821576
49796,15.153562587324515,7.23160628302729,42.17350870200611,49.113856782250565
49800,17.242470278775478,6.488668095524042,51.044254753880594,37.00154977737325
49801,17.52329972332052,6.599220780085091,54.10734114743985,34.810610734114746
49803,17.823558224311597,6.272442091896182,57.35970333745365,31.768850432632878
49818,13.836084408131716,7.639756110632776,37.26701375611574,55.259777823533454
49819,18.42362185155456,6.5352638371098335,61.44074019679836,29.74372154501395
49843,14.83877973707602,6.432631346641762,36.811422034494896,51.19236184442097
49866,18.960775543511353,6.183188366703295,67.291015625,25.179687499999996
49877,14.399689979354426,6.631175152677401,35.10059043681515,54.10400875521868
49886,16.181352680812125,6.338753305425697,46.45520592763665,41.23965550423402
49895,9.14408204832282,5.779574493744283,12.448360772502493,82.63700930014856
49898,14.89748210847933,6.689213319220747,38.25172751944172,50.79933407831422
49900,14.623703328240124,5.990192574715486,34.05441700239388,51.25386816138261
49905,15.163842604961797,6.828557513471243,40.52606904039283,48.97969255064525
49907,14.957028646290464,6.873717250881148,39.67308336746472,50.39158009705725
49913,16.3792925997852,6.914121979127787,47.92303851195306,42.66743648960739
49923,16.0013155149698,7.115520499583678,46.13086734031223,44.21773125178585
49934,17.708933712862954,6.265263013611629,56.28126356181905,33.10111692286608
49935,14.831542396897607,6.664792631384797,36.62777946045307,52.545771669086236
49936,13.083008285917185,6.464561056167119,26.52378704642918,63.42408934328269
49937,13.385521720140153,6.574754646927705,28.47894790498522,61.50576001631155
49939,14.364232283900108,6.608869321790464,33.81363759847867,54.992665036674815
49946,13.29462493231593,6.765153394093662,30.360418689975184,60.96228552929751
49951,15.320075800938518,6.897986329851945,42.48789833467481,47.84777408713199
49970,12.750532579468473,7.583168965666811,31.450902994656605,61.65034118115401
49980,12.996252876037575,7.46303769308642,33.10555107165277,59.56536035632081
49986,15.61280314700293,6.9596838455282635,43.82728842832469,47.21473805411629
49987,15.703101793368303,6.961558878316771,44.25470132743363,46.619192477876105
49988,15.286144405260266,7.0717362868392994,42.3668693569191,48.79767827529022
49989,15.324670590261372,7.091902137368505,42.603058894092136,48.61934531361739
500,12.928127461468259,6.886368808445595,28.417092292494274,63.47499842360804
50023,16.505876297127262,6.897700584476988,48.67713104184268,42.03240102568663
5032,14.304825584121044,7.2506928827645805,37.770698587379734,54.12684622067767
5033,14.373875552236802,6.660235710387135,35.408413506885495,54.04829277494812
50405,16.159386513320957,6.4928653244237164,45.991927269983776,42.72511222603644
50409,16.189701996147054,6.324205560325882,46.93617945456238,41.93788588625857
50415,14.97190586376456,6.528840651800943,38.23480882595587,50.362248188759054
50416,13.41439895794166,6.567121459140619,28.935196822683622,59.75064099341411
50417,13.375490956616579,6.56777335234095,28.730555287167526,59.973222542754215
50427,18.81344323833872,6.326540131659342,63.89557991087559,27.587920028905216
5045,13.14306974126761,6.9794183521596045,30.25763194734386,61.04329886779478
5046,14.66674594998339,6.8010307042135,37.88645059149479,51.75542753272645
5047,15.115538612652424,6.486034363125228,39.03047429657927,49.17926980305964
50473,14.780070405190612,6.279762836334617,37.850337385326895,49.795715501192014
50486,12.997912619768854,7.129977257925364,31.333180596921668,60.193072709474514
50487,12.7659170641616,7.05614328914532,30.03516020738563,61.86508015335412
50489,14.607524785888089,6.496446506595024,36.02636515946507,52.34607783139541
50490,13.112133879230239,6.559109440507025,28.870522336904365,60.41736030866252
50492,15.65551039957768,6.873376239454795,43.85903120208843,45.68744043426014
50493,15.645339027337569,6.865345825335657,43.82575267157326,45.679172185760244
50496,18.196137563579203,6.2185740568467756,58.33076543818563,31.31239985208924
50498,18.105043143048654,6.252577782847183,57.699479683599506,32.03254233210021
50499,19.45489363961309,6.058394037050075,67.46916875017558,24.174790010394133
50502,16.76632153009791,6.7523810646464755,49.70420551344825,40.08048829566034
50514,15.918375458679815,6.808831467705389,44.58363552449397,45.11768972110503
50515,12.74350998627238,6.522660385723868,26.587457707136675,64.78283106459989
50516,14.264110476043141,6.940291360872426,35.35582870116652,54.79527127534644
50520,13.371825287939421,7.199149608512961,32.42274758004468,59.42386448250186
50522,15.755960875450182,6.944565939100632,44.08104523520614,46.7646809831532
50525,12.728544690404986,6.811973397666923,27.818249845937142,64.29813363852452
50526,12.717069696476393,6.81115212172896,27.800519389057616,64.44715876579075
50527,13.963035718330982,7.38396740605374,36.2253399989249,56.1597591786271
50528,14.32929551790624,7.286447058776353,38.97565667437653,52.8889092449676
50530,17.570458084359487,6.499731088407922,56.68138329965428,33.87666759244185
50531,17.057407119163784,6.6010936258854676,53.934682075390405,36.68125197476135
50532,17.533276439689956,6.89727719592096,56.23463440236458,35.55979116598989
50536,14.08430552789577,6.950554413148922,35.50481513399543,54.14703938285963
50537,11.888783824069808,6.228953484712102,21.593272447780087,68.2601400568667
50538,14.591326715460134,7.153679533101097,37.884449554469676,53.751077895947105
50539,16.162186630308515,7.327523323150952,48.05279736667139,43.8532050094281
50542,13.578582933830138,7.036137480130976,34.157407212921925,56.728769770421565
50543,13.419960509491892,7.52925144422703,34.96344465953728,58.17655571635311
50544,13.99908416131387,7.04192635339958,34.90988314517726,56.02297484650426
50546,17.411049785000383,6.603570485830801,55.96271424275835,34.85616918913501
50547,16.48125396348462,6.682392547456943,48.74985641536164,41.42895432094038
50548,16.347388854198268,6.922632895914271,48.76746858434963,42.00615338992475
50549,15.375703448137088,6.852877442912671,42.42051589682064,48.12237552489502
5059,15.115866223354432,6.888170578183688,40.38939081735087,49.55090611296032
5060,14.060625469030258,7.304811015362112,36.21378109962117,55.541904144340926
5061,16.383727843117764,6.7797897980356305,46.93364907932011,43.0738757082153
50611,15.391765999684475,6.862184522915999,42.05213865570213,48.2982125521101
50614,17.209397832884587,6.428580673427034,54.60611531970012,35.0119715822114
50615,15.718119110656781,6.705230210756605,43.752005236072435,45.529446490676456
50624,16.018395752913936,6.852623824270648,46.289366354118485,44.42248665012825
50627,17.521803481760816,6.962309002806708,55.5898813521379,36.149541079023955
50644,15.399617869198565,7.200924176586787,42.56615840941744,48.720860175186544
50645,14.811511115036906,7.136513269296933,39.29855030513544,51.400246038063536
50648,14.65364509774559,7.11752085736614,37.08156462778838,53.571123329819656
50650,14.62077425280762,7.115331533280296,36.86999629619078,53.81207441807459
50660,15.953243712819848,6.402628526558867,41.61236734910605,43.95931154280859
50664,17.18164101177865,5.855712250712919,49.781087757184906,35.29368260683066
50665,18.3660834608078,5.582510559111445,59.07715234529515,29.03308894551409
5069,16.49355178477754,5.974082121278642,47.7283902055266,39.025469564362275
5070,14.093810741644173,6.360228507081627,32.86760648171374,55.63638187929564
50708,18.208549572212366,6.358307150526143,60.127556343906505,30.715254590984976
50709,17.16709002957803,6.686934005464078,54.45371504388651,35.847877117779134
5073,14.854729510748909,6.720489101496292,39.40241652282602,50.776739479792866
50737,13.96586914225298,6.948986895751015,33.48744904526926,56.925552456554385
50739,16.521410054846577,6.863048145414631,47.27172025946084,42.645946723188516
5074,14.934795445580924,7.112629732206839,41.8320263938032,49.57683848140002
50740,16.46727510937988,7.186978130496313,48.32349242214312,42.27932556007929
50741,16.529179865910283,6.859829582728004,47.3361310525531,42.5697122041625
50747,12.302174971873944,6.792185331696325,25.430799497499347,66.66666666666666
50749,15.181749024144008,7.159484328350109,41.42108277168406,49.26875468041055
50758,13.972478327101934,6.932483011126871,33.47545455521785,56.93404787731037
50765,14.311781958810323,7.08298510763052,35.771703317342265,54.928791439947624
50766,14.24276746406434,6.849434859065375,34.30908817269033,55.30734664917977
50772,14.26187236840201,6.854645988001199,34.41956730302802,55.190962303405314
50773,13.961990521578024,6.988398087774018,33.634211941904255,56.810112963959114
50774,16.37557019920948,7.141479602056135,47.83104536152797,42.605303547066846
5078,14.063743505793616,7.193120361247169,35.68617249881246,56.046280169196315
50787,13.625603644599517,7.147101282891548,34.230676231159826,57.552188280809226
5079,16.819099350915938,6.847954530814702,50.529741015503525,40.14148638443428
50811,14.294393766988428,6.9890085312011365,36.13371534229773,55.15666334086977
50814,15.594692168029276,6.660489451063334,41.379128207159745,48.87031388239644
50822,16.201171830362895,6.39527859752532,44.771883011562814,42.29581959922566
50824,16.253221982263195,6.312565938615261,44.917889030612244,42.33896683673469
50825,16.392002057244163,6.487446675890729,46.65985575090346,41.08964486665345
50826,16.33709553649492,6.526527486005401,46.49751456192248,41.21862706230368
50829,16.823793129548882,6.67863399977063,49.64338416133792,39.61422247206802
50831,16.02107264956643,6.576405460818492,44.354416425520185,43.50833677828304
50834,15.11004381123716,7.413721404157792,40.87988762492516,52.196840602404095
50837,14.092254137128608,6.847507382272206,34.240358298084104,56.52450858422493
5086,17.7262349798962,6.661250750862521,57.066802593945575,34.083765185625694
50864,16.94946554674477,6.828222171876529,51.602320855876805,39.04081083066076
50868,17.11129207071358,6.878645013432709,53.66973746092345,36.93252552079011
50869,17.5616440575871,6.756963130791929,56.79434413170472,33.749336165693045
5087,18.59172315539552,6.517225711819678,62.363173102927995,29.274194696311902
50876,17.112621166926942,6.933961056577261,52.474562876617604,38.335967598537984
50877,16.805337443847826,7.392125096505031,52.9381039435884,39.31690896955979
50878,16.91598697938559,7.030991393998199,50.761112799403264,38.49214023261596
50879,16.125093736598735,6.936254084097399,45.16716171248632,44.9907318489403
50886,17.05568476706269,7.132616545322113,52.40560146041506,39.245051883166795
50887,17.10176087135797,7.115803207113166,52.68433653357839,38.85637590384755
50895,15.984976190331146,6.969120057805307,45.28973127248609,45.14702630997125
50899,15.59975965644728,7.353552119677559,44.822075735524926,47.09357075592843
50901,17.039072643363166,6.727501640908583,51.37883488452258,38.50970929564518
50908,17.163957661059136,7.045058208755259,52.66652192295825,38.32546765549474
50910,15.541266266165458,6.983136943313175,42.336085041917556,47.43295117536044
50911,14.825248711521406,7.167758414935981,39.59393957869707,51.720879187879156
50912,14.824634792579637,7.172837203257317,39.61223058866567,51.702588177910556
50913,14.824634792579637,7.172837203257317,39.61223058866567,51.702588177910556
50914,14.824634792579637,7.172837203257317,39.61223058866567,51.702588177910556
50915,14.712752438386442,7.877078839503179,41.97042552091412,51.30810195956775
50916,16.47562124980302,6.977266334311322,48.15826617493057,42.521513454446115
50917,16.294360210272796,6.978026522375623,46.86842640971704,43.695008029675876
50920,15.931887478242647,7.2658041372704485,46.09837683702566,45.0729326606712
50921,16.631806085194977,7.3192697205535175,51.036045975166985,40.68360981284978
50924,16.327158825551624,7.0930474602643745,48.67556336610101,42.09639921650466
50934,16.498815340399116,7.016441060003425,48.73902980036648,42.01465907994985
5094,16.842386126093732,6.252133783728097,49.90244239950184,38.60375008648723
50941,16.530614027887026,6.766346884029296,46.79345737184506,44.5186271299842
50943,14.2327491424015,6.396863481763048,34.162400346399735,54.01670869310512
50944,17.340670582338664,6.946980872903611,54.23855793679623,36.587359244460586
50948,17.44992127397868,6.466742090451995,53.959531463786334,35.33710802362704
5095,17.56976588761429,6.824059766516241,56.90370780298838,34.831211953514114
50953,12.797871328244575,6.907409053682386,27.82684728751917,64.87777679216352
5098,15.173060180929879,6.64909677110396,40.98528816304495,47.55702523957349
50982,17.133164533589348,6.778909787741936,52.87251825566732,37.85448253614476
50983,18.5115488927274,6.739900449841672,60.81420690949665,30.548400888453237
50985,18.51301560632251,6.740838931862963,60.81679548777941,30.528514727386675
5099,17.819080679198983,6.737660768097819,57.33094120894287,33.95252553132762
51001,14.112717727478785,6.976793641630803,34.9047362829905,56.22973662789895
51010,10.302797714932705,6.382578917206156,17.19115643882505,77.55346768654023
51012,12.12390200880249,6.747909359334388,24.510982406294392,67.5226751174735
51017,16.928532032442465,6.81612053493622,51.21556356710428,39.2952860349636
5102,18.128610800463214,6.641986302678267,58.894542552130105,32.268282949216804
51020,18.409753679396598,6.797711190953702,61.063090148917176,30.903838023206653
51023,20.959244169477202,5.893345670065722,77.17977444170587,17.792217491971023
51027,15.554967792362913,7.1818027433984435,44.3984558443109,47.03572518273836
51028,14.580681213601638,7.099777145961503,38.45817652057788,52.5191210392133
5103,16.296311486203653,6.925282456423995,47.29989381604894,43.11321231733832
51030,17.256503701793047,6.576392171828109,54.05295975382622,34.84654627905093
51047,14.342898395503624,6.930393397205365,36.76163759095292,53.45138949767686
5105,15.939509250495616,6.8808143292665,46.49139494476785,44.51673451787594
5106,15.85660710402803,6.920419140628805,46.25429116338207,44.72472981563891
51076,15.359642438088526,7.177342557774709,42.93312490468202,48.59310660362971
5109,15.317147591942144,6.840221584818977,41.36286279912477,48.942426803431474
5110,16.020179597211534,7.01034993016457,45.7805451837783,44.97118684307082
51105,12.19355242807859,6.293723961051724,22.774540620457454,68.58701188982346
51132,13.903156004178339,6.628689523965028,33.35670434529815,56.415342784342556
51156,14.511468023441049,5.79923636840838,30.45785931741708,52.43150136196122
51191,14.482065312323435,7.366054565827919,38.30579313017244,53.117993855351656
51192,17.939036409845425,6.560381436253439,57.67064416782791,32.466011686593205
51211,17.853566872608297,6.685190804768019,58.35643399678438,32.45828020180739
51283,16.770079071371075,6.5786778773628525,49.72638213666235,40.22671194390834
51288,15.83958266230769,6.275899796075412,44.45366478451464,44.55288366135695
51292,18.00737521576306,6.861384949108176,59.48700449297617,32.67815503611443
51309,16.183145434053614,7.465347021495833,48.71571391950782,43.067589506964026
51310,15.907327224509203,7.020903920103466,43.60156328289408,44.68097290023334
51311,15.956552636198964,7.354788487157933,46.67054276822053,43.66428400424091
51312,16.127385836609903,7.179361070586054,47.798409246967275,41.574158846417944
51314,15.743458931962731,7.092938480865163,44.59793287523425,43.81566244534045
51316,15.771867774660919,7.076599253876222,44.30678213152705,43.80805395981594
51317,17.154226545561055,7.2035754238019925,54.39291938625568,36.195878754741486
51320,13.188201178624656,7.038501198464589,30.66254295532646,61.312714776632305
51392,15.946115178046007,7.048623268750285,45.89887929261773,45.048067036808554
51395,14.351491491957216,7.277871500125026,37.927206088899,53.61494937064434
5145,16.009520413217807,6.921042210299779,46.14915596745814,44.210232914656025
5147,17.233955199211753,6.437788415807888,53.02061495457722,36.23864430468204
51487,17.083063013039983,6.0942980895747665,51.781427170568406,37.32712661038536
51488,15.342907462019411,6.889995279198718,43.35821217481341,46.35553733983347
51489,14.808026116896775,7.001978177373129,41.0954549067251,48.82994788414157
5149,16.602673693107622,6.765715512594968,48.93997258127693,41.39492753623188
51494,15.347156811516484,6.663365157863296,42.24203849094806,47.186412932269285
51496,15.295496129114166,6.69642890509173,42.12895652267562,47.46319451175514
51497,17.44260086674242,6.100985330604584,55.50319605875787,33.71362862586384
5150,17.202106158374924,6.79507614746302,53.664082249431566,37.65481789038117
51501,15.646647165739605,6.6414547833148765,44.12736625748061,45.04945435550357
51502,15.646647165739605,6.6414547833148765,44.12736625748061,45.04945435550357
51504,16.869960990646724,6.13035310263001,49.94036232699449,37.22178462923371
5151,17.364813572903216,6.803201471696512,55.12446075935801,35.895340424961816
51511,15.364797994821032,6.863680160600382,43.29548147988537,46.28412592385098
51512,17.501440849985702,6.0659855270937255,55.75501108572586,33.58468481649466
51513,15.342465386654661,6.885884473123249,43.25669589950225,46.31644724083691
5153,13.723561019881492,6.899394721690517,30.792081222405336,61.42953061099921
5154,17.36796840928037,6.610406899236151,54.373505736556936,35.72226859252762
5156,16.78781261641305,6.547607358862357,50.12742029306667,38.615273815129775
5158,13.45692890434854,6.596891709918407,28.98958161071606,62.02249049115264
51580,16.66517783142453,7.058027209061237,50.425802726712064,40.489968376438476
51586,17.389533335205464,6.42929624495213,54.782341145639926,34.73417291757291
5160,15.624707929543916,6.6970220388596555,43.60781043707873,46.16635397123202
5161,16.836418470933758,6.950628459512532,51.09374779628506,39.71059052508357
51616,14.261050609293765,6.440571224468779,33.73306854058458,55.180008147469195
5162,16.779399453915087,6.68793214433585,51.1313669928391,38.975976772428425
51620,11.548207115239885,7.024849288575572,24.70474554434185,69.42595376136282
51624,14.516667084356422,7.032102763869491,38.63979183950524,52.45116524624783
51629,17.60795087562405,6.829480125435258,53.88526841813028,36.17873111429323
5163,13.466300585110178,6.68281562691899,30.39908733473221,60.94077861755658
51647,16.882026676842894,6.589267230548846,51.649513691639925,38.13247752898791
51652,13.86180928411075,6.675528791313756,33.14085353145267,56.60254759890642
51657,11.844444322136626,6.136908164734515,20.732563257634336,70.29775996002903
51662,17.77569047169544,6.000533588589423,56.98422307139344,31.705194657788205
51667,20.146231000658158,6.14820923898703,71.44772313296903,21.6247723132969
51673,11.769834549331176,6.375264736343724,21.78132257890283,70.45172208919216
5168,12.917609322438338,5.947221523200866,23.589133351900145,66.15312555383953
51680,10.279127447885891,6.061436215704847,15.668750788302491,78.48249518009334
51693,19.70502152092895,6.362281721907569,71.08412642836682,22.22045389438839
51695,19.896983038937545,6.196233474201814,73.30782487706927,20.698214935095734
517,14.67106036834032,7.3415382595473595,39.29302175317682,52.66261038121905
51706,16.595797931799044,7.002402818417013,49.50974150006367,41.47141219915956
51708,13.952220322703207,6.894286303140666,33.91755250194451,57.54731656728027
51712,13.344226033100824,7.485259711089904,32.5974255873353,61.144829679083536
51716,14.845001435219402,6.769758925470648,37.09446353182804,51.41295941782775
51722,10.572140497365321,6.330892978717259,18.249081948862163,74.98532483311263
51723,10.572140497365321,6.330892978717259,18.249081948862163,74.98532483311263
518,14.755645410417383,6.884240236645296,37.797974391699945,52.22734571205072
5184,16.774725430798497,6.524558668157903,49.24482029598309,38.99873150105708
519,15.212714058997204,7.397891358577773,42.672418306128215,49.54402202933755
5196,11.367042231666026,6.86087372843705,22.42282075985423,71.21853139530013
5197,12.774687813636929,6.473445644882017,26.464620299615767,63.402840737382895
5199,11.880957963539313,6.462840009772981,23.01096369608805,67.22409453521607
5204,10.464667245505941,6.36729435266199,17.72897930673186,75.2510259320702
5207,14.721024045273122,6.995269536915505,38.47735423651593,50.275113608485874
5212,15.63601092485359,6.848869721043486,42.435087550740995,46.168904474815655
5219,16.015422933203446,6.945820484559719,45.32141089375256,44.788774829448855
5220,16.316598092722145,6.9956826836326105,48.428903288910625,42.64297873541057
5224,15.759183140708652,6.868843995704891,43.8690284487386,46.55501878690285
5229,15.594741761480648,7.234717345736101,44.88420101928908,46.746984065544154
5230,16.049788656498713,6.9979945743246486,46.44547519878834,44.14678783289158
5233,16.437636570127736,6.843051687150735,48.511972137570744,41.77797126686983
5234,17.0592205147855,6.598638354729439,52.486639859348614,37.37357912510662
5237,12.098914620102805,6.638707842421968,24.87767823231082,66.90274581648383
524,19.048521234351202,5.972700053971056,65.80849644128114,24.266014234875442
5241,11.717551828361305,6.858351941724781,23.51395965271495,69.73477453454598
5249,13.213540848556542,6.576745771043013,27.89595795829373,60.27142617543467
525,18.057776308336884,6.366247063597097,58.730756884255186,30.5949838797471
5252,16.42310732744122,7.061988203024389,48.89394475104149,42.758758512551694
5254,15.770114433061389,7.14233761725711,44.23209006480127,47.109326007107235
5257,16.811646536728365,6.433517376615536,50.66168327796235,38.14507198228129
5258,16.82943822297283,6.41062390483502,50.67287498618327,38.110699679451756
5259,15.63143726784083,7.1923590170385525,44.38155317432884,46.428159926258786
526,16.054171022903468,7.0514607611235105,46.99477226121365,43.55630650145857
5260,13.02475977499977,6.926362389726367,29.333662604047124,62.769650924621224
5261,15.255457831374407,6.603755952290403,40.00028365977846,47.31728764519835
5263,13.996428469313864,6.2113721447882355,30.48549481691401,56.13244835558208
5264,14.84745385631581,6.475207998581941,36.7064907275321,51.04018069424632
5265,15.911262408475158,6.579241197964823,44.75673481812186,44.242639473728715
5266,15.45152877748164,6.570824164054959,41.05577722499541,48.09095310439239
5271,14.762672198763516,7.1398852765073615,39.26083827782379,52.05631966979403
5272,14.029215835617988,6.971473151696048,34.49132669700123,57.07607969810383
5275,16.081058351413354,7.440109599010455,50.81372917125212,41.12536737573961
5276,16.328276517111327,6.768492817576073,48.87354750512645,41.625427204374574
5277,16.502698609484625,7.149378753956008,49.19948458952295,42.70501636576371
5278,13.790815889932412,7.238482907092162,33.65483880482553,58.89596790844468
5280,15.485430042962538,7.021911143069028,44.86844421574337,45.89218248540902
5282,16.631526538998713,6.848698240290397,51.71674111082449,38.176955347081744
5283,16.41954088318743,7.070864260580929,48.94310442896893,42.78467001798644
5284,14.98265968911745,7.400645225964452,40.519145529744875,51.781134648739204
5285,12.871951586302302,6.907409559020079,28.934708614821176,62.48564541325692
5286,12.546661293649144,6.6497579272960685,26.079476596862634,65.01436477198574
5289,15.641961521367922,7.2044447030747705,45.05428321131343,45.89199674613604
5293,16.55595810281536,6.257504116764006,47.133943882949616,39.80613225331728
5294,16.021923802213102,6.841028467486011,46.89909115539026,42.65289032289845
5295,19.958557496814034,5.296918029245226,72.1380677036675,18.12172543909656
5296,12.389698597985536,6.202444072067228,23.49003400921262,67.09285806534935
5297,13.838463531897798,7.001501674718954,34.36064971529035,56.474848460993464
5302,13.63750950235056,7.586904283441805,37.156813851485275,55.18215879592333
5307,11.025950651640164,6.487492156386034,19.857407511368102,73.77645539774322
5312,10.820155396689154,6.185548761565719,18.354671751566332,74.48242985562517
5316,10.946526739711045,6.3058362574732545,18.943973111430353,74.291871086656
5319,13.971959588099947,6.589632675990268,32.59185878962536,57.1685878962536
5320,13.220768693863452,6.674611351208761,28.75276240571293,62.60478877869706
5321,13.936842615531457,6.3595490743957885,31.88662072552334,57.21492653751138
5322,13.537105582333737,6.617938146785982,30.18269040018756,60.576385507403195
5323,13.57871646816476,6.559080620733337,29.585692781879438,60.15339402193391
5324,13.804707408939901,7.256562192188908,34.905561659603414,56.759796996808454
5325,14.288522323787294,6.998282361975686,36.86262312078797,54.65837221358216
5326,15.003901817650538,6.930698404310804,40.599529246989704,50.48145194234248
5329,18.10506173128427,6.687533270408849,59.27527094779189,31.697138911405325
5330,16.916263990325284,7.091003133410312,51.166098231176036,40.53382306237141
5333,17.277494476741143,6.581244983070524,54.64676824187597,35.52850851089156
5335,15.118836543951561,6.9659075730315045,40.193511040052925,51.27491247898117
5337,18.035177686971036,6.614810357952605,58.61597048673093,31.686600023801027
5339,15.48515724050562,7.191363069497759,43.8993433033497,47.36769493957287
539,17.088906616696477,7.132653571300897,53.79348528190459,37.67832425948141
5403,15.729891072562923,6.99448454892918,43.89815010199057,46.708166279805866
5405,15.746292230690152,7.418855331205814,45.14702152273838,47.04317539268635
5406,15.071579061028258,6.993650563567107,39.94568906992532,50.88391038696538
5414,10.680879194255517,6.526042160250124,18.91039567185726,75.29678893296145
5418,14.811278202041827,7.325007287164297,39.97937435544861,51.76349260914404
5422,12.633064077874694,6.678885541829975,27.63095351269132,62.429888772697026
5443,13.109664558732298,7.39980119590318,32.02416141884077,60.696568564451866
5446,13.46713465330509,6.835354048908492,31.245119385570835,59.73688320517414
5452,12.177046407677265,6.511885456731074,24.612674394828318,67.01322805417054
5453,12.403903027487145,6.607597077000325,25.467135634205317,66.052193574726
546,15.885071778417478,6.8110890962882475,44.913935563248614,45.20101805724763
5496,15.17562944984871,6.704995658350352,40.47105723467437,49.19578570556889
5497,10.018169195181578,5.814979034324405,14.25627926777352,79.94721157939549
5503,15.25458516479867,6.678293265839638,41.41560116918957,48.057610346347914
5507,14.24070848981548,6.67442571163109,34.329837238669846,55.54493475515645
5508,14.135584007371204,6.558116598840026,32.926584424565554,56.625471256162584
5521,13.151679944411535,6.608884197505548,28.5352744100846,61.591024126877
5522,14.658781697197872,7.129452873818036,38.24040414840158,53.228910509996794
553,18.22663837734673,7.162132055762758,60.99076833611979,32.00552446027477
558,14.612712969926452,7.2752546596392405,38.392654726819316,53.32124234867377
559,15.291233989300055,7.068143485888731,41.334527006863624,49.79886601014623
5605,17.707065208547316,7.2395822086448485,56.320388740486194,35.58935259137952
5641,17.477334011551214,6.528614046815136,55.50753876825003,34.62103214869817
5643,13.26067184109885,6.457438827210509,27.58259581369807,61.73071274408388
5645,13.363878129019021,6.543777320818518,28.958676410045285,61.66761012762454
5659,14.009141264000109,6.945867813308335,34.85581355763912,55.47029035872849
5660,15.411929666906248,7.305808838042037,44.439641556800616,46.7921328700394
5715,14.995637109462022,7.236684260314504,42.455621301775146,48.76125546694109
5724,15.141889101985052,6.515488535648922,39.56644433042586,48.71216008209338
5725,16.64340981709049,7.0084370675610295,51.46385523406111,39.42753916591398
5733,14.227743588910375,6.670217417901717,33.7337291091579,54.82958154791467
5750,17.383607765133796,6.593426270020799,53.6015683631741,36.58544056608108
5774,16.702543100114976,6.709738621026036,48.17821429366829,40.884390102670324
5793,15.10916242053781,6.894069663101473,39.1391718049568,50.99187606272435
5794,14.958320895636247,6.839746137879992,41.06446701356936,47.835762209915174
5853,14.918957686386612,7.087937823202483,41.841513185433236,48.9247593135203
5857,16.34651488816529,6.744287702892811,47.953913909715304,41.8864363235988
5863,17.892403746522714,6.39309939844026,58.16109470743246,31.81678678392651
5864,17.83854060943333,6.398819453573429,57.545501709953726,32.13971857232099
5865,18.3243700554187,6.449301744945113,61.01144184262672,30.068395372126222
5866,17.88517402337173,6.38031532807678,57.8419655416768,31.808903319971655
5877,16.78974301034116,6.604596594884191,50.38310359193581,38.530439980437265
5878,18.04932985364792,6.520499424173215,58.5250081371379,31.47625763986836
5879,16.774477874340704,6.5801524075642845,50.20498695537556,38.72662648740535
5880,18.051797724771635,6.493138022097969,58.69447405025562,31.459436024351028
5890,15.123954509321278,6.696390695820465,39.69763995962806,49.422337706959865
5899,14.682137071056747,6.268321741004236,34.71664160524564,52.51066137500925
5907,15.229164440738847,6.705213010380391,40.438360827123425,48.72904535563633
5918,16.294484204941206,7.208263892428534,48.58150677179613,42.88678462292979
5919,18.33515092392867,6.514110778401896,60.85394169461541,31.00652342166366
592,11.482444194769652,6.957188053871422,23.38315864697475,70.6010798793076
5920,18.16500917105124,6.710322576120693,60.569532761957426,31.438577089669156
5921,17.730827654541617,6.793962577204995,57.85657620426914,33.852369795029794
5922,18.212929749298777,6.6861255231431755,60.72877480268496,31.26244744412481
5926,18.593013266264844,6.307943476716586,63.008690325791505,28.362237280349145
5927,18.313868709553525,6.604146916265894,61.456459330143545,30.258373205741627
5928,18.95676360039083,6.271179791611311,65.17836681689711,26.644259414865175
5929,18.597773675712364,6.470265822175489,63.429109207544265,28.506126839012026
593,13.590830193945537,7.26158245231855,33.788112697800074,58.77074488614434
5930,18.997327622880643,6.266647667680506,65.42982959984684,26.479035037334864
5931,18.309541372481256,6.592122944126786,61.429173208746604,30.295255236855205
5934,16.568379532106103,6.8280244899750135,49.188551195042784,41.43957204999096
5935,17.706737923037164,6.6222985217746295,56.93355805547659,33.91950615278398
594,13.952353676501936,7.234159286042131,35.41454396487432,56.94583040094117
5942,14.841436961461106,7.115743995123713,39.732411750185136,51.65243149839546
5946,14.75150558201645,7.191748820232256,39.77216296208013,51.84732733448543
5950,15.967435845470407,6.644839355576425,45.263075092673624,44.28766678793719
5951,15.93083504234628,6.687449418124079,45.26618195413268,44.35611613423717
5954,16.649998804572842,6.785611701063605,49.43190586419753,41.10050154320988
5958,16.614147801681973,6.846506335806057,49.470776837795036,41.136477768764244
596,13.616513371602158,7.4286052988722915,33.95631594945503,59.08463241999219
5964,17.519563976162896,6.851690233024113,56.58449730327756,34.746231503249895
5965,17.56954000366183,6.767327299505006,57.46245360896257,34.259997918906734
597,15.538883979008522,6.915836937966709,42.42488265067102,48.637278046719274
5970,16.99816263124204,6.858497122727866,53.23642722478756,38.05021995136479
5971,17.78018486904667,6.699112105505054,57.93561819346573,33.45878710228486
5972,18.03992230591985,6.523298891534615,59.249465811965806,31.96047008547008
5975,17.615295777397172,6.8171009848769,57.27512874563065,34.402433492542094
5984,14.374668338454642,7.444583466138869,37.27615334632878,54.795321637426895
5985,14.638605595171635,8.150296267031157,41.25177442250613,52.81584720609111
5986,14.793304153458918,7.916138406589696,41.44864529151464,51.99259891830344
5987,20.243474268569567,6.037519273717573,73.10596026490066,19.99503311258278
5988,16.03835850297024,7.18850840357277,45.7261126344653,45.314807002742036
5989,14.43628576199631,7.712295391076521,39.39251788436731,53.37685521806549
5990,14.83730957936062,7.87064414887956,42.11557552641204,51.264433878468054
5991,19.587913792878542,6.533796937698761,68.00456172585295,25.11008331485412
5992,15.013742395346938,6.731724449844472,38.428272614113204,51.16840119599112
5993,14.164431536426562,7.036705544770097,35.858840747937116,55.34961770420651
5994,13.925724875355654,7.145657115105498,34.95292662611374,56.5700800121154
5995,17.10893464603456,6.875232053770517,52.94743190908514,37.24525426957019
5996,14.011268828098833,6.9193012764332895,35.93251253989968,55.27865342294653
5997,13.934352517704973,7.1332664694318595,34.457054729515974,56.09182220816198
5998,15.675274807951538,6.372574479344275,41.985012625234184,46.73915994678396
5999,16.767182785791036,6.099497585672969,50.559289888916126,37.01763666154898
6000,16.816037473406116,6.063448954991413,50.66028614439399,36.53664924669857
6001,13.398589505277572,6.8970041700381985,31.57168483510418,58.71197934120522
6002,16.782859651058764,6.140031693152673,50.846787563445304,36.814854490269596
6003,16.7270750479291,6.144777942588244,50.54186186032857,37.12998302293818
6004,16.414365742171125,6.299658942947679,48.89782014679393,39.20059795860852
6005,17.03272800655628,6.243167764596815,52.60637236424913,35.85729806434447
6006,18.37841483008127,5.909641649096018,61.558249210741714,27.914409322991773
6007,16.85017213251749,6.141930743308563,51.292214607643395,36.46477742791875
6008,16.619840180367824,6.239940720800226,50.02879443225957,37.80402631933638
6009,16.946855846210035,6.082492520372012,51.831335474049155,35.73247022400757
6010,16.74340791383865,6.15327143217008,50.66787556826888,37.058793482147415
6011,16.43789883138103,6.299440472774635,49.0227021384992,39.04096822694683
6021,13.847953214047163,6.896401576945942,33.64603965783689,56.80081840541541
6022,16.166195886536432,6.700630977084058,46.05531152609752,43.92530244656573
6023,14.480585799072841,6.5068642506973715,35.638156141753264,51.92512656541434
6024,16.41937096481543,6.196509635206084,47.245905738217274,39.96999624953119
603,11.766892132421287,6.432335555848227,23.21430801703573,68.27656837398679
6030,17.87712709325164,6.559760442265342,58.52502800034461,32.672812383331895
6032,17.880838705217236,6.648381920205274,57.54233320773244,33.3356169858071
6033,16.674992116574295,6.7647956199385915,48.76856676579987,40.91688550528941
6034,16.950553829691163,6.74792612722965,51.15018377396512,38.91041196588474
6035,15.620435998411699,6.911217554546379,43.74068165942052,46.28778163544045
6036,14.892913566331229,7.161683670238807,40.27183588871469,51.09611245449472
6037,17.840074428774905,6.654478351725838,57.40366493335453,33.4533027543768
6038,18.32096545207023,6.289522275220783,61.47716229348883,29.464005382372726
6054,14.467826542937273,6.927810700578493,36.93013330377186,54.0988831305601
6055,15.585095315478066,6.9131576332732765,42.796115437974755,47.7781898600294
6058,16.129343641269568,6.598048954845847,46.31364222971567,42.72095249989592
6059,15.799970436273805,6.735240898194438,44.00969818577042,45.539670596104
6061,14.791965725544436,7.0462297194045815,37.72681539048676,53.70710890608195
6064,13.400857779220782,7.160008004872922,32.16979965372248,60.57692307692307
6069,13.768476597806998,7.702526474311086,37.167709942281114,57.07666043411105
607,11.68341231483838,6.649987166707186,23.53382706164932,68.52732185748599
6070,17.197089528778882,6.8437053954810665,52.93413416663285,37.993587922568075
6078,14.873549020860997,6.450085309886185,36.139263691312046,51.732401245497286
6079,14.593872526492005,6.682340079638183,35.733847694210496,52.9094764120384
6084,14.090444608005471,7.05865841345674,34.59137616440987,56.20090271775665
6085,14.1366759054221,7.039720729783834,34.74707568363157,55.96095747153149
6086,14.148865372907219,7.037720296581957,34.78077733103581,55.96017614397856
6087,15.002937667533308,7.219885272614781,39.99713104599455,51.01261035692396
6089,12.63154155154388,6.48259775731315,26.489234190650855,64.58041503603043
6093,12.46540862661681,7.032398913482017,27.341645170535973,64.60877042132415
6094,12.310914222438214,6.931307375084676,26.62276170798898,65.62213039485766
613,17.08925715376004,6.902408729773483,53.28094360055024,37.85231363596453
6134,11.90244586189414,6.747581291971928,24.2484814876907,67.90296996505165
6138,12.528637841608989,6.605839955079577,26.09353560482682,65.02994319129019
614,14.349594170487787,6.817829285266813,36.2079545616714,53.8738173048107
6151,14.932022918892182,6.664735714034574,39.50001629673088,50.10429907760503
6156,15.576891952664898,6.713367965438165,43.29061134978699,46.19366899750139
6159,16.34393573848438,6.991652599981102,48.115608224826794,42.36120140423872
616,15.288145085179275,6.595995989679725,40.84037022014086,48.3812087466352
6160,15.713310520996535,7.213537431019873,45.04783811714505,46.5996599659966
617,12.00332369830119,6.835107436996753,24.361124275454777,68.2785899165178
618,12.211654830621526,6.563472501377453,23.830704391636807,67.66882198701316
619,14.659256361976068,7.110415112800945,38.85783330899048,52.325627713674926
621,16.87545256216464,6.496122359103755,49.183930533594186,39.15123415431619
6212,16.598788501299072,6.486590142819496,48.49148268864153,40.48951478998832
6217,16.120814990584027,6.623341777637202,45.01556356487549,44.366399082568805
6218,15.748984482071153,6.747949178754403,42.89262391606894,46.770153088534414
6219,15.817620474181401,6.786550248104535,43.164369126217764,46.90853566743371
622,15.361384549360922,7.195132101493134,41.979307483302776,49.71156291408456
6220,16.95259710162302,7.272798134503312,51.427928940859005,40.6768608050371
6222,16.62804565780863,6.627268590143128,49.068467137883744,40.76801350353413
6223,16.419002980306427,6.6857369038391425,47.39545744003396,42.542984504351516
6224,16.60660191153071,6.634736299798801,48.947535099757204,41.01974031457827
6225,15.698871619223038,7.42168368483405,43.64209678862152,48.68056176759997
6227,16.088680415718123,6.741220178383216,44.59035590314082,45.83455313454059
6228,16.06660814480196,6.711247376211256,44.413704158259314,45.87398331703867
6229,14.390329011331827,6.982874245723554,34.966367389358815,56.407517538035165
6231,16.162244271832122,6.7515378584887085,46.3191520255554,43.778132713808624
6232,15.958707323519182,6.717129410915099,44.73016339115296,44.94829792142962
6233,16.63123520277582,6.691980147915296,49.22396978877039,40.712536830310825
6234,15.765386540932715,7.3835471449152985,44.30299589483798,47.65263341776574
6235,13.502776333066118,6.640188430179216,31.12271657850175,59.86722812485951
6238,12.161979660300386,6.640503655582136,24.833919356377866,67.26467932672192
6239,14.93442172506175,6.236051612467175,36.69274228596262,50.84456033608576
624,16.31329930695133,6.594450478407335,47.30476659552345,41.75559568762655
6241,10.52521884848954,6.346771457037556,18.524715166680238,75.57281294649798
6244,12.728749356461215,6.405186199593881,25.804210125952693,64.97242499158853
6245,10.028021511654392,6.112949459467759,16.376602934703957,79.27728998664688
6246,13.222460436104381,6.3305005212462175,27.886937266414837,61.770688255864044
6248,11.631824121165957,7.160835368651125,24.882258554143718,68.93273775966
6250,16.00747686805301,6.461723665320214,44.47512354689506,42.99256080617646
6255,10.714728855683132,7.467284732383832,23.80280365039044,70.73572302192116
6256,11.524119210202553,7.092638343066211,23.52212343050599,69.78893086809707
6257,10.15763344098664,6.926529012116516,19.18001595777328,76.49121884069407
626,17.27924251580919,6.692982523449074,51.67618951307074,37.66327889299018
6262,14.694120790551246,7.106439695265878,37.87454456468541,53.35934526075371
6265,17.759705644000757,6.874285696331066,58.29322933952871,33.38864918685695
6268,12.833474898522583,6.687999319420692,27.133712203820348,64.50975612885017
6269,14.682804777094296,6.63476707145265,37.3655454037345,51.08076971335363
627,15.234847632388524,6.871735080607485,40.948549650645774,48.62904933305103
6273,16.65678710945118,6.74168449591931,49.42723004694835,40.60764587525151
6274,12.481536120392109,6.679727396340358,26.8987633105226,65.51692392671924
6275,15.947155698916662,7.023520534626514,46.14338260809217,44.60129085987924
6280,18.84815814790686,6.4395560785080095,63.69748732096543,27.855880263657838
6281,16.147340087622073,7.286220065164536,47.80949958669803,44.0261969860749
6282,15.272709801308276,7.269188293546762,42.59699633388537,48.4238538083712
629,13.25435076526918,6.686163056324677,29.12100544102996,61.880220706567556
6290,15.20563879211972,6.038188849990823,38.86391251518834,46.64641555285541
6296,14.621620487795434,7.349212342361754,38.7792077970761,53.162876421342
6297,11.197656091756107,6.800585435151196,22.30319571066334,71.19408474149779
6298,16.489753910353425,6.826813458812468,49.03241384861272,41.35381572744311
6299,10.859406969055838,6.787346029797172,20.962780980384572,72.56064533601578
630,13.79566612497976,6.605795564390636,31.926972070575204,57.797294089722286
6300,15.805404690160804,6.749714532188102,44.70207133568642,44.79031209362809
6305,11.93508272704373,6.7066568112122535,24.322124774999043,68.24518402205968
6307,11.169536516812995,6.841539025424906,22.467227400166703,71.16484807153141
6308,11.858517336307347,6.109088921727321,20.16129780698091,70.26477712503828
632,12.815638180236377,6.998599279561882,28.405252087449806,63.20351838867997
6320,14.837432688681275,6.868085832120366,38.665940545717454,51.40560740643368
6323,15.096118977887887,7.411675151049746,42.22238020759278,49.98933598748756
6326,14.721424345840209,6.547105466114332,36.03650641159517,52.84658117873104
633,16.704535934241235,6.616344143951202,48.4505187335376,40.48137397194001
6331,13.513163537969522,6.016536424293532,25.28787997800644,63.13408216165266
6332,16.18788143448569,6.486687309576172,43.96960172632171,44.505949867867585
6333,13.749914691241472,6.019764473129243,27.173332874188606,58.795778164224586
6334,17.102388424731142,6.2023187746776385,52.49809730109478,34.719278730753466
6335,14.39231709109258,6.619191791063585,34.81000796514079,54.144215902169336
6336,16.642817859985037,6.029962008903112,45.270111403459666,39.66411017186363
6337,17.207168085477946,6.739657078731294,53.75739372950443,37.41456986116645
6339,16.416160250236338,6.985261797468988,48.61024867677933,42.786599248942906
6341,13.582050133354961,6.971578577485033,33.60754825226407,57.06572962340696
6342,13.84968283674004,7.323972164771693,35.95127539018553,55.86249923292491
6344,13.397342020616648,6.975008866314998,31.027450172529225,60.69526703404233
6345,13.581186189107246,6.795686968871337,32.32634230617031,58.69567315580693
6346,14.908561150335364,7.122153704292011,39.5517392196942,51.56605642980193
6347,16.25617670747822,6.847373338635715,46.23560429902778,44.09432960433565
6348,16.404694627048183,6.371090152037475,49.9633431085044,39.65155588139459
635,15.683839251030033,7.4238016356204755,45.46048508607011,46.868541408323
6353,17.023666142021444,6.78620173639991,53.309531972242254,37.30981569707645
6354,17.65278178189194,6.776880811824856,56.90296151849722,34.67964815308427
6356,20.6472176837122,5.415699650416288,75.45231556217111,16.56848151952871
6362,12.01887936113793,7.446501905252364,27.523074948365796,67.30416924351509
6366,16.8969885944041,7.346847722444832,53.39396289376902,38.9051429377137
6367,18.082753131386323,6.59924611703637,58.97012370089942,32.07542620144197
6368,13.847002845341994,7.182898832640476,34.5014719965949,56.821433216283005
6369,15.843733472061144,7.2237770125763205,45.686009796155176,44.389525477813606
637,14.616543137705463,6.713926044878821,36.5228216890621,53.52034533620211
6370,15.01732004735929,7.224562084394055,41.30520413364845,49.55628157004495
6386,15.529515482559152,6.7457381098501585,43.30692784099093,44.9071006769408
6387,15.434157342711439,6.6867642607970765,41.39663836423497,44.99797839773581
6388,16.45826525190631,6.4170075020506365,46.812626269862875,40.3819976787838
639,16.300312381473034,6.797644456436028,47.49046672753639,41.19447875825769
6395,15.432547163749613,6.6911029240698205,41.420459458680426,45.11572939786124
6396,15.45679055418964,6.727295575899566,41.759443053997295,45.082132274675644
6398,11.863597156383701,5.589275925460087,16.37964690062031,72.99556095374426
6399,11.97548679036001,5.796490103704288,18.81848156307143,71.91913956200597
6400,11.677529394623871,5.690252093384198,17.25091055669925,73.74861437024028
6408,15.438949151216923,7.02272908278889,45.88377900778409,44.93303930016211
6409,15.294526297412443,7.0531993963044135,45.12566310113923,45.85906020813404
6422,14.51879879994089,6.927128949126342,35.811710799722945,54.94432308593959
6423,13.291198780946145,6.838332224571782,30.03537940077686,60.43321210321878
6424,13.533845091722887,7.1384195286409575,33.16521408825206,58.48017388735307
6445,17.982860445207017,6.493949789575056,59.15664325940347,31.804908572620455
6452,16.93503292714241,7.075745432852121,53.632611075210676,37.76886860880689
649,12.123411854790106,6.97287295491864,25.47692109611382,67.65520053217742
650,8.880177921802343,5.744010288691674,11.837538055808722,83.740231534449
652,9.106181774348268,5.684458161973324,12.004303181905644,83.35665681249672
6562,9.148885797381388,6.817778036233652,17.77825357741855,78.52121471648289
6576,12.875493321886086,6.28993179126646,26.221796686370823,63.64998751144783
6577,12.159938777253947,6.341062964804312,23.541971948921915,67.72032656478962
6598,11.725104373645756,6.915559393451167,23.87220202793189,69.30170269753204
6599,12.431390098307064,6.741302249454398,26.084231637001754,64.84499039023983
6613,15.630433166872322,7.324554437847,45.7350065768424,45.16477656511074
6614,15.593187715645978,7.161033883843038,44.69776108868121,45.99226403907507
6624,15.408890465595825,7.209966361124519,43.713613454935775,47.777532930045425
6625,16.374379319752407,7.570885965900152,50.03877881971375,42.58337446238454
6638,13.21234346538313,6.562614751513018,29.359782474354223,61.47571375602522
6644,14.504818365550806,6.7188318258070066,36.63156085825109,51.590808661069374
6647,13.591593977136949,7.274067785502059,34.71913288191415,56.41920538753641
6648,13.640089649896277,6.746931735808361,32.88588346117615,57.608329969048576
6649,12.695517965866006,6.908314656761278,28.795908722657305,63.21901161220632
6650,14.062877870945478,6.986223560832808,35.78408562121917,54.56112231356531
6653,15.014998325594881,6.97340397910349,40.40339130615037,51.09346821168715
6668,10.140971370276752,6.465225246303417,17.14228346259067,77.69746254047135
6669,9.729295870940165,6.262833049811543,15.440651871878638,79.6127320290889
6673,13.424725111173553,6.412734629070607,29.56053288042036,60.369672522689875
6676,17.398582987898283,6.8056790817377255,54.17534536529346,36.7297537689008
6677,17.115849797312848,7.035205709856674,52.75421103036449,38.73133907948848
6680,12.365927383282402,6.600941203320995,25.10499706225836,66.12602548944227
6681,15.661441050140729,6.8248240851020885,43.52381207406713,45.23557685870744
6682,13.247510731537467,6.805130954526712,29.6949434750147,60.610245194880704
6683,13.859741030336927,6.664173011611825,32.279286589343386,58.55726854724516
6690,12.104612650905745,7.145022645201317,26.44894054206847,67.00622954740652
6691,16.136798243488606,7.121609936732798,46.855810171812486,44.05824079423155
6692,17.282238309749534,7.031730561507045,54.52625614875479,36.71611424450797
6706,8.675551851242078,5.343340039651744,10.01582673885881,86.14244064972928
6708,12.932403563992871,7.41402617247197,31.457464290228792,62.28289723170269
6709,12.415262765701842,7.004248367603698,26.753189292825013,66.09640390335029
6710,13.85666885287672,7.323776299607224,35.44171976891225,57.1297513079269
6711,12.152780313338608,7.035210319318556,25.89605956415267,67.77401241744379
6718,16.16944409263597,7.211227586141083,45.935772011909826,45.014887282007656
6721,16.16169103448759,7.171279676523418,45.75120634660996,45.07851476241106
6724,15.440788750054455,7.410156336125211,42.73906050506558,49.29115057454111
674,12.758352427556574,7.088650805862248,28.566857099831527,62.763884836563165
6740,16.932253600217557,6.697172540616925,51.6574864823892,38.43675779473445
6741,16.341115495436277,6.640705358687383,47.47761719208163,41.76299636401548
6742,16.251321025920447,6.633189575786477,46.7815852515363,42.36537860639517
6744,17.22753651131435,6.623166252374817,53.916168974047096,36.3545666999221
6745,16.584372284835055,6.549019696502333,48.708913873796334,40.324923341761256
6746,16.550435364761945,6.531914924343294,48.67343906195121,40.381757760786755
6749,12.775802296987234,6.6655476769769635,27.880907730883496,63.31570408141764
675,11.808233961690894,6.449058120162804,22.348676445793288,68.15601641094813
6755,13.355521442559043,7.591146139440173,34.556288723300916,57.70793598142466
6759,12.01953722487373,6.047036944630735,20.717349761462494,71.06814020927156
676,11.78868664263926,6.047566431344416,19.35628532722941,70.01541551828842
677,11.003547614265196,6.251804134261315,18.7393270656233,73.82480436863142
6775,12.09401040605988,6.738316434417672,25.06866937867251,67.46114530092834
6784,17.192223277670948,6.645423364495396,52.61907878742543,37.43384511809698
6787,17.84563425028276,6.5513796052966375,57.351493536882536,33.4048767892588
6789,16.426490916914528,6.981198686208787,48.76133598761336,42.08692767086928
679,15.330945722154052,7.248188457655121,43.73382280187279,47.85654365423637
6793,16.354667884948977,6.590958094290571,49.18318369534762,40.917563073324644
6796,16.503455233145534,6.647225032917579,48.37833643699565,41.100248292985725
68,12.678955941355214,6.7533715346013405,26.985456738824475,64.74096910394745
680,13.801560007937738,7.388390241096572,35.68756844395774,56.9155063786213
6801,16.45739861990978,6.373147117031829,47.42510714840888,40.7208367569008
681,15.789384265330575,6.772484885140755,43.77018318731446,45.83882412569691
6810,16.472561736069956,7.079199579199286,48.105929564796234,43.35951013630388
6814,14.65194710552967,7.27007125524798,39.6345318458997,51.96908204678482
6815,15.573703787633434,7.356037187129367,44.75007505253677,46.88156709696788
682,12.047291685154184,6.714978456101063,24.28512892557146,68.66493985424532
6825,14.441794170508022,7.2056787302748075,37.16889051877345,54.67855228638325
6826,14.663038863258784,7.290954859602544,38.59322559720225,53.419635050906734
6828,14.865995726251953,7.394841671313436,40.24729520865533,51.96852606435296
6830,17.44365101690428,6.45141939810566,55.010380622837374,35.07068709836876
6836,16.70239839445178,6.762873790021965,48.97740702120264,40.81890858533194
6837,15.612067552732885,7.05425455757233,43.4010221651316,46.70529394080188
684,15.80214804926026,7.007676537118342,43.968798281644496,46.22885028450842
6846,14.425356736388684,6.971566376914602,37.08176947999872,53.79174285439322
6847,16.81510327320381,6.816334797284549,51.04248676530474,39.42310302701235
6848,16.308662088700334,6.697472989983502,47.09606673367884,42.764643682362305
686,12.112775152567982,6.649663192831618,24.509394967861812,67.1470013841224
688,16.225207787224004,6.580623009953119,47.56733353778435,42.01468439377266
69,14.450317733520755,6.701874372517758,35.35918073660079,53.52654741386523
6902,16.656482883167374,7.3744186083306085,52.085356072438685,40.88289923593229
6903,9.4782480230524,6.103921412734079,13.729193719749736,81.48472941295512
6904,14.753387702437506,6.906974247713259,37.91480388021932,52.015183466891614
6906,14.69806322606672,6.512083669138422,35.50630346210457,53.403442906205335
6907,15.219932747809379,6.561850717179839,39.000106598443665,49.52563692570088
693,17.75440622723401,6.0727694640296495,58.07127472097121,30.678480516937533
694,16.144398189969,7.25399539811366,49.03564136844614,43.05983065427147
695,18.696926332669833,6.770963277448614,63.86207764424589,28.75731454099289
696,17.764908222980687,6.687513609223548,56.782275621994806,33.8013575029397
6965,15.074326949211763,6.452077276228662,39.302102595712626,47.0276008492569
6969,15.335239014624658,7.285297236496216,42.605459912025815,48.18136922741211
697,17.05578627043535,6.730426927096067,51.1482312529433,38.42350203606748
7016,12.033193943043393,6.758181801404108,24.68802521008403,66.7720588235294
7018,13.419213869868509,6.4852470677686425,29.419180458483353,60.580113561869034
7019,13.718364180624043,7.038443224854018,33.23944038019972,58.53046403588402
7020,13.462272286517154,7.087300648733977,32.260515603799185,60.17503392130258
7021,14.959590067581175,7.398590370697908,41.169219098193544,51.35365795837087
7023,12.820565526576372,6.830458529789873,28.201525029371787,62.67133543735171
7024,13.951687207099308,6.602683278989634,33.59773021649294,56.2869302411645
7025,14.224787868227004,6.830101482314796,36.429892441718984,54.562709884654694
7026,12.601519165068327,6.753306128079346,27.311904423268384,64.35642156165554
705,17.34093837188822,6.919725981288232,54.62825160592762,36.471411308274504
706,17.561779863929317,6.792434352684247,55.53207388552881,35.30696121243257
707,16.81087860249465,6.828794394476904,49.6234067207416,39.96716879103901
7075,12.444583575116987,7.379725527225553,29.66012084592145,63.79720543806646
7077,12.435457255509009,7.08341927048393,27.338817480719797,65.37275064267352
7078,9.323696811394731,5.787333899638316,12.81430415336742,82.51903585043475
7092,11.877985164146917,7.089902221928693,24.660432316418827,67.1086923194849
7093,12.364141930936391,5.821657830306431,19.52255308455836,70.83050634501822
7102,13.64056134827641,6.842693654695992,32.6905405585372,58.22290881487302
711,17.52312441423856,6.825069651320227,55.94265983733984,35.35158487293197
712,17.602956725747966,6.629410423491951,55.73471527788332,34.50099542560143
714,16.261152256017258,6.69969050825209,46.01433629847137,44.17048104326798
7173,13.927410135240272,6.758459714889889,34.37747006645394,55.291431247987354
7174,14.944075181715013,6.981992234267749,40.11931074440462,50.332610888178365
718,17.09375411134009,6.905576284574778,53.519881730754584,37.617545303522164
7185,14.243728034135481,6.804965262971088,35.381573667159316,54.14362477855318
7186,14.07482281670335,6.742256880058858,33.817897019073726,56.341512335361365
7188,13.423895216458272,7.290576963309682,31.91107222215826,60.76769863108328
7189,13.912575696749014,7.787937194638904,37.40461025772485,55.179145386784455
7190,12.949809363200876,7.588813047733726,31.741186329083614,61.23580934139383
7191,12.950543084563362,7.594371014074037,31.78873438414499,61.25249752769986
7192,13.061892994774148,7.685920021285454,32.94961352457322,60.114495928574385
721,14.059484424330186,6.9093183377619125,34.93349560984091,56.3470399026341
7222,11.026796529815677,6.5583826255919755,20.23117185228264,73.05266792672288
7239,10.909461740164362,6.453435740039914,19.968140372567433,73.62427037886803
724,15.154098037012288,6.956945656086794,41.02189436968254,48.92413565553487
7243,11.775653882253929,6.49710491034165,21.95952803297062,70.28672791294909
7260,11.70647774766757,6.55753541282322,22.33522617394209,70.06821258416694
7284,15.828810098778762,7.092450618076083,45.73836776568566,44.780833215988416
7291,13.788852756340528,7.836211086607132,37.982242339832865,55.05222841225626
7293,15.017351438175814,7.536369399211976,42.01682413393005,50.81012763136085
7294,13.526942757998526,7.082831645340553,33.366017032246695,57.87438442640108
7299,13.656173496676487,6.796529555476811,33.789348945806104,56.55688657882695
73,14.718460004267856,6.78615481799755,38.097281831187416,52.27308853918296
730,13.463826973141105,6.6833955720269715,30.453751017304175,59.80547809960909
7304,13.684751368219823,6.797916478429341,33.78774037898484,56.2492680298878
7310,14.366338108280706,7.4034404620929335,38.37437879624517,53.553837658752066
732,16.602883048060523,6.158309177097168,46.96026896000892,39.54715158719839
7329,19.2896819952356,6.120555161981784,65.700101545752,25.066004738801762
7332,12.880840857523562,7.1956945263753465,31.041136382297395,61.7815502093768
7334,16.834597195898144,6.897761059882727,51.439944706123285,39.78215236534917
7336,15.027365745455128,6.832954756665141,39.90065547745109,49.335111823962166
7338,16.040888816473622,6.903423286679109,46.37655077777903,44.11238710112815
7343,15.514671991290847,6.996858665664436,43.74094258363439,46.651562468107684
7344,13.483843349358825,6.496349489818706,30.004109263144237,59.03929753227934
7348,15.017298711529111,6.69097493226857,39.76366773693292,48.504903566826115
7350,14.384155978638054,6.248728818984419,34.14194323987807,52.67485294749045
7358,13.435949643207284,7.373338158855077,33.23546907681384,58.121773837622094
736,12.529127309031939,6.345388329691103,24.68198451619327,66.20198650767966
7360,13.968700082251276,7.026176145850831,34.24068426570094,56.82240541313256
7362,13.670990515816518,6.675419398212014,30.33954434824243,59.12168003298355
7365,14.638933087322236,7.395482223979201,39.1783832576211,53.0587415743566
739,11.864067316214435,6.284222782414928,21.485957885367625,69.74913920314806
7399,17.18581488281276,6.6931054011615965,53.2414645216602,37.112310252660244
740,16.75921123517039,7.953551564487304,54.516710718079196,38.737247733616584
7410,17.91576615703454,6.709039842550138,57.46056175452097,33.46928305758625
7411,17.644459034344123,6.769968993870189,56.38686131386861,34.29839851835712
7412,16.353784236109068,6.629483932711142,47.69350426433514,41.130719304832915
7413,17.5091794672319,6.665286846311278,55.05562995776244,35.29926856907387
7421,13.601013310817835,7.4058821387903,33.85091191406499,59.18086825928142
7427,14.354276105905148,7.027957269805531,36.841936277919885,53.756006721106196
7430,13.530464587529607,7.46421324074585,33.90661865143425,58.80831160230142
7444,12.108045594093321,7.2483895886047005,25.186941455407624,68.17864844278036
7457,16.40071610651279,6.950909021752363,48.111166253101736,41.651612903225804
7458,16.8752585470942,6.660498258358367,50.27093996771247,38.915238965297156
7459,10.392653126776764,6.2310864988953245,17.577685533615238,75.15226752531326
7464,12.028989847934547,6.919599382917796,25.838747078418024,67.49360472606143
7470,14.838949755218767,6.730326055413498,38.18456883509834,51.7061691040511
7473,15.669016254584003,7.189929017569087,44.664573675918895,46.687672133377156
7474,14.370008160282795,7.403179748525395,38.690801836302654,53.01015675174234
7481,11.34738966665242,6.3971894160168175,20.66130197049417,72.14175177963479
7484,13.043385760839255,6.958878950399192,30.605553632552596,61.249567324333675
7485,16.409402708977932,7.495012041773536,49.632195955125965,42.754551453747915
7498,16.116851103314925,7.0602608700959575,47.813594570928196,43.24923380035026
7499,16.463119479875584,6.913333891692361,48.98372315688688,41.738476268636305
75,14.255026840086488,6.7880960905533465,34.94817453749807,56.23658779471788
7501,16.375589773414838,6.979629821781784,48.63926398575456,41.78364742543404
7512,14.989667184114671,7.000384010785097,40.523444295089746,49.84355408962035
7515,14.83932846983031,7.1865766739797206,40.81678548136821,50.700519486360676
7517,15.235080488198017,6.968095882831927,41.63866072750886,48.6243862427232
7520,15.130837202607845,7.054883359108489,41.55453538071869,49.3102512494629
7523,17.662939998463155,6.364648487014239,55.80651232825146,33.77636855897725
7525,14.224324059001967,6.475196936070266,33.77249878384952,53.70723204151127
7528,16.559931802878324,6.792659111308665,49.012173218918385,41.18140091798044
7549,13.97193337986335,7.057827211079588,34.90192797293905,56.60566797748109
7550,14.104300642342475,6.955324773442592,34.57837782655301,55.80623755806238
7552,15.42013596585367,6.636092836169519,40.67890063903184,49.14890007351694
7553,14.872253492507125,7.630671826687461,41.83977325727407,50.9070904937873
7554,14.506737218443995,7.201751143961518,37.69912182170938,53.203819054426624
7555,15.546916371586645,6.638876867267732,41.33856623940545,48.543554200938026
7561,13.322828464081573,7.0302353443536685,30.9008988085561,60.28520333511393
7562,15.74766237813684,7.116592139531793,45.59332624077545,45.83143354104396
7564,16.67821596872265,6.690274401901063,49.44756445081408,40.593597413635074
7587,13.032916805722115,6.781689008036384,28.509234828496044,62.794195250659634
7589,16.133594691292267,7.7087858482310185,50.03094491804588,42.08508854239454
7592,11.994268111977163,6.615707696552417,24.16819956756059,67.40245909574983
7599,15.442068292037591,7.408965122001081,45.460491111243236,44.05731613056662
76,14.013866976957331,6.748785633744305,34.461679848501724,56.609947643979055
7602,15.607947298813476,6.586357576570063,41.295079339637766,47.247956403269754
7603,15.353626557587335,7.173695051675873,42.98550895613362,44.51916081716117
7604,14.425538476865208,7.088709740604621,37.35612626859099,52.49314410392938
7607,15.12983665869187,6.606315722468063,38.840561101659546,50.65322761852791
7608,15.392798879109495,7.382402860637179,44.47818884594147,44.777944308590364
7609,15.086157582236503,7.276993831785285,42.36820858194994,47.56109568539414
7612,15.198124630642981,6.876106499266628,40.368062692702985,49.081449126413155
7618,16.162481867920388,7.094144475381981,48.094347991382584,42.61975668483082
7619,17.66230322031441,6.529316279824886,56.19616347974831,34.49660944468202
7624,14.188759451532782,6.38842951976783,33.43956125398355,53.701919513821984
7625,17.440494108627977,6.859604569929995,56.00336595951991,35.25399707692989
7628,15.82975509712372,6.81791274176153,45.13579551739048,44.35350071894702
7633,16.690639220236136,6.671410734761962,49.93424918161216,40.435354354942504
7636,13.95512676212368,6.3733783484760504,31.373087593045295,55.316285329744275
7637,17.569835379024397,6.644456855891995,55.86065460951909,35.03730007983043
7644,16.23819554974882,6.791415448738625,45.0409530900968,44.522213948870686
7660,15.545836510952569,6.514561521377955,41.26720065721914,46.81043335387143
7661,18.186138235433457,6.179442304115513,59.134566365545794,30.651114419135787
7672,15.949016453861885,6.935135618634939,45.97168133624474,44.4634536163699
7681,16.36730642726703,7.127517602201988,49.056640625,42.353515625
7684,15.983764130322937,6.798916749551071,46.02404965089216,43.18269976726145
7693,15.257876890884287,6.735004082041654,42.37982803938166,47.500779614202344
7696,12.488359058820611,6.487153548047023,26.373316562208583,64.43148055778448
770,15.60902295276615,7.050085830568854,43.83361048373086,47.15321039438088
7707,16.82050734704583,6.941761255780633,51.48805577130733,39.65559702199405
7713,12.615870011044887,7.201516793496883,28.923858244365363,62.2525578291815
7714,13.593685779079529,7.211116937132789,33.000195094266,57.93767624993349
7718,16.128439460306268,7.659248252508949,49.55222411756987,43.60976249835979
7719,15.713606609650618,7.5601738546591,46.605583063282396,46.006810218617886
7721,16.417966100453263,7.026063080169725,49.018472034498295,40.83639055158654
7723,19.637016056398604,6.396332820710748,69.34528760105127,24.06267673575302
7724,16.43380063154214,6.683432281374756,49.35752930568079,40.29692129331444
7726,19.264320396445235,6.295726672444901,66.29264941607511,25.85527822303641
773,15.187467171355326,7.2031383303719805,41.57476736119417,49.36846637801115
7731,15.30814359780841,6.886912278558776,42.788934320169766,47.733036592308885
7732,15.904977241925206,6.792395128307134,45.63844064024091,43.98219370888023
7737,17.760055268882528,6.85164432670129,57.64394347050327,33.99274972386644
7740,15.914988761189608,7.095090709410703,46.14155693261038,44.81264523625097
7743,15.966495365360428,7.081874218591205,46.451901133797804,44.296598606599936
7747,12.57463080207573,6.554265664912931,25.6489280245023,65.80876722817764
7748,12.315280522400485,6.927099350179287,27.110657866160544,64.98305052736939
7752,13.9124671683166,6.795023072505209,32.787329825893586,57.01795302923469
7753,14.581724717482368,6.769522677333535,36.311614175982534,53.53210303191415
7754,13.682230641504672,7.075538439100045,32.84415741349911,59.111964446354
7756,14.797164393533661,6.883183446008168,39.41501103752759,51.22516556291391
7757,16.933014066546868,6.8605200051113036,51.63442117572021,39.46263420856809
7760,16.393561192156916,6.6936469384651485,47.48302720909426,42.07673280353666
7763,16.467027885511907,7.094361334013609,48.54441684288325,42.06614793980579
7764,14.77925397345336,7.092114976892156,38.53608375919232,51.43026299389256
7766,15.122383227384368,6.9119739220565375,40.13939042693891,48.273966088597625
7767,16.88119040198433,6.600371745694804,50.25572788889351,38.97320747917446
7776,14.663093337352837,7.109807033288357,38.47075481973641,52.34723886286897
7787,12.674558790921614,6.620876623263478,27.05164841487505,63.53733146660018
7792,14.613335700183773,6.486516656475727,35.0,51.53623188405797
78,15.696916095278215,6.864333986329793,43.256594903175255,46.73855453154733
7801,15.436943839248178,6.866973574453771,41.26606227828143,47.870713441072134
7812,16.3788731772409,6.996175819060661,48.795376222782,42.13015191086248
7820,10.929638221060024,6.552137394776816,20.8209082147514,72.41226826917627
7824,14.340869858429025,7.1407145294447965,36.3280017475304,55.15036042814495
7827,13.91573311340538,7.100493979546238,33.768246530906474,57.92575238781762
7828,16.44829638694915,6.585842637152807,47.82470769509653,41.60518444666002
7829,15.139882889750751,6.429369727249497,37.57364357572793,49.23538294659379
7832,12.628425047156654,6.895388230692831,27.614784499296587,64.83693566952296
7836,11.424983492900576,6.805079178518207,23.829829236995362,70.07106899615043
7837,11.441967696959454,7.114899208473778,24.990167931726116,69.67003578872851
7838,14.98339534365415,6.732816312329018,37.95047423172624,50.17674657754354
7840,11.65786167451024,6.308081242976707,22.12400783424389,69.73636738480569
7841,13.832367405824877,7.049345467688664,34.927932102529084,55.781284296271004
7848,12.210973210338702,6.6698903925912125,25.245830283125258,65.48879172190016
7851,13.490096927466906,6.62626850804566,30.908067615036778,58.46255361266909
7859,16.707159873722535,6.848993000069017,49.617078010666006,40.078134689321594
7869,13.96241603584889,6.343589886058764,31.67545494191809,55.46326765253935
7872,13.974253225345961,6.398165681911661,31.94129773641132,55.23238013593779
7875,14.544075744776396,7.133402437034428,38.04997700444581,52.748263540843645
7876,14.951968694648684,7.106326492930239,40.943563728598605,50.134432466708944
7878,15.509835712247892,6.660030637608697,41.18905403528268,48.69565217391305
7879,14.623363776004076,7.199411580495671,38.74119135096067,53.20725170149972
7880,14.569378546120268,7.250374275697513,38.727858293075684,52.85947712418301
7882,15.493542089009727,6.689034330817465,41.096804694235104,48.80280319252482
7883,13.639943172622807,7.2239828465823726,34.53488372093023,57.55270593349272
7884,14.776700210095903,6.762449527762882,38.597540143491635,51.488298599248374
7885,15.471677794009448,6.593907423201482,40.75156194973065,49.02891726557711
7886,15.769216213622714,7.101822150597615,45.701621369415605,45.6666277849061
7887,15.675071396253024,7.051954503174788,44.76915356306457,46.38507862161258
7889,11.66262442093113,6.992975061460436,23.027762984231366,70.62541968647973
7899,13.872682331713603,7.131289061625583,35.41663630135988,56.68498301972045
79,14.53259839573735,7.082698465685528,37.84213515048268,53.15313268975961
7914,16.38902042459371,7.124271633504081,49.4888051176605,42.00222755311857
7916,16.064333432872182,6.290459095589317,46.601389766266585,41.8161718256475
7917,14.11278455588859,5.855211453695417,30.610487868510305,56.33185494390817
7918,13.733794277211576,6.358641718521701,29.852941176470587,58.08473389355743
7922,13.026677508125442,6.78978540958241,28.8052766502884,62.94417147333191
7931,15.257048251318588,7.260712025502711,42.33210825258937,49.34076948777918
7932,15.647359746167018,7.092334940372637,43.87027751640221,47.29121821064436
7933,15.825763464561135,6.903514769081152,47.2640494756655,43.35036300080667
7934,15.29096745630231,7.253094732854272,42.47893484273494,49.15546407667074
7935,15.646540007227262,7.111532489837331,43.928456539921505,47.22511741620022
7937,16.383551626116166,7.157356200268706,50.309108394010174,40.899848880340706
7938,16.07903301171619,7.192190914751003,47.209063409622736,43.855944295416926
7939,16.104587236505974,7.185914549610464,47.30129810976999,43.78273741744477
7941,16.433687753067257,7.039649814005033,49.69310925928789,40.95793200476183
7942,16.49001324121832,7.137674501221448,49.52981865769303,41.63301551691905
7943,16.448476362185033,7.187649762138888,49.48485415108452,41.66510845175767
7944,16.754862878547726,6.739628150825314,51.889452904681335,38.71819989907086
7945,16.097760128603678,7.184698364385203,47.24647987483999,43.84440335656379
7946,16.089228665860865,7.176856716428218,47.17433561770173,43.91520878559571
7948,13.79739338334995,6.671303932736438,30.91260094807807,56.978683404590804
7949,16.757275023738888,6.730308303978709,52.02575517643192,38.552092981565025
7950,16.012308879581198,6.411842871899534,44.10875463757683,45.178581316794954
7951,12.179249260329579,6.184085436351509,22.32976016040719,68.4892419218015
7952,18.202987939354067,6.528590818647895,58.10992097595741,32.152514306076675
7953,19.18313948844408,6.122759164700973,67.8556510512259,24.27629330531752
7954,19.5521839248979,5.93620229098996,68.13770391695019,23.157114193492102
7956,19.29509821556998,6.145601692890323,65.7100985324076,25.63817403234524
7957,19.239413777866904,6.237535486959177,65.6892709956027,25.739948336718392
7959,19.51186926954044,6.0183477234446805,70.3487708711031,22.263777780595102
7960,16.0888121702336,7.168968754822257,47.18681693019559,43.86833962585517
7961,18.1702418984671,7.221685964134265,60.319897101840134,31.324813808269198
7962,16.06888241058979,7.210340113470142,47.23959517853082,43.83954969297248
7963,20.225307855306408,5.674787171166723,75.35364323948384,18.214334504899465
7964,19.309742040169933,6.131843746817889,66.17605998962945,24.962107614375174
7966,16.66064547500002,6.87808862497722,52.00552428755996,38.678923060930515
7967,19.252485475254332,6.122841639160485,65.38510815485469,25.77566142085371
7968,20.134747120251046,5.69279506384255,74.80421553371035,18.619450664844827
7969,18.23267116526688,6.60043285765675,58.6135108768895,31.733563979040742
7971,16.410831974255697,8.004354559317868,53.230551959515125,39.298575967988704
7972,11.507884032903506,7.420458958546939,26.00568874441284,68.5646078829744
7974,16.24952769664635,7.482583652735859,49.803554997297965,40.63271357004104
7975,17.029205414342886,7.303903385626237,55.88817417120238,34.52439857684786
7985,16.332715368329822,8.015928717930676,52.45518040110143,40.04159920583334
7986,17.540180700408353,7.748804776734294,60.707280658098895,32.02523493076495
7987,17.842992219032812,7.4929426135695225,61.35629963005725,30.79950045948302
7992,17.727110315628828,7.510536892402763,60.61152743084467,31.510778055324266
7993,15.16559811356051,7.031843538294691,41.708780329225405,46.27626562638532
7994,17.83164572668209,7.500673242078579,61.245974588676155,30.81093740851338
8003,12.853087437475116,6.621466327540438,27.46991235794859,63.62959701429949
8009,12.994821932362436,7.0720833362327715,29.831760791763312,62.10682087719482
8016,11.133109200249752,5.879370494777969,17.73914360516693,74.95943051258195
8020,11.022818733594498,5.859462742215954,17.271830879086348,75.58322226917618
8023,11.17014767216483,5.9316095227417165,17.298106429159493,74.97941770825537
8025,10.723045379095165,5.394513632433685,13.822851927506626,79.08753096614369
8026,11.267081595251758,5.896998208358975,18.13827503055528,74.33026128893734
803,16.002191211516553,6.718018780498013,45.41047993102787,44.46402912156337
8039,10.127717705784725,6.112908408988456,15.90974724709014,76.46623055384654
8043,8.285972058277387,5.21293934779615,8.703962176367774,86.85603631471072
8046,10.66755166637741,6.368243480058937,19.57234843882882,73.52205078362289
8053,11.947974848768832,6.922248764263187,26.543437069752855,66.05460815987132
8066,14.044858493221748,6.855462473303424,34.266405132465934,55.55089210001114
8068,13.919900635899056,7.593036296572703,37.153382568104234,55.449209224552355
807,11.46891716575192,6.790036286091644,23.079162708020473,71.24337246008152
8074,12.730239358526148,6.760927073549478,26.55941244816093,65.8756880072596
8075,13.962616987438487,7.3463662420192675,34.65606757840958,57.85018028901574
8079,13.685623605559973,7.515966391789289,34.50588543029035,58.155375359665186
8081,14.874673472347721,7.363052651859324,40.54290992203889,51.38754083304633
8085,13.696444557163458,7.077586080059653,32.97522491821156,59.281284078516904
8087,14.462432965754894,7.4522735377048415,37.54542960981965,55.05640128917232
8091,12.776971782544704,7.562724350234714,31.354832694982015,62.07105510538623
8093,13.757697486871535,7.00563946223922,33.21277319237071,59.222850783640915
8103,9.601242180979051,6.076250503418982,14.894676821035798,79.2578222286306
8106,16.013743148957605,6.9410503846625335,46.400562832371136,43.78711693256358
811,10.218793983126945,6.332056356105101,17.45172243579196,77.7452021599629
8134,15.705116691591977,7.244779065428543,44.417473790113306,47.2257044530857
8157,16.04854220275462,6.852169734609502,44.39118812793806,45.2883522290841
8167,13.208110530993746,6.4714599277349985,28.18898475671937,62.459320215303585
8179,17.7160036716867,6.54766706237237,57.01467235634535,33.401531536797805
8185,15.28649607283951,6.750766025633736,40.36793905502877,46.48999108517708
8192,13.61034001006886,7.606296195003683,35.65039975326801,57.47431852150602
8196,14.393075176571381,7.489245839394144,39.94601889338731,52.540394645657805
8199,15.49127413614903,6.946886169932264,42.43208963111722,48.129161822217526
8202,14.027522603379403,7.064737890471239,35.824299883649935,54.108539633900484
8224,12.02097111522448,6.077522367115747,20.78063518830804,67.75224845418775
8228,14.248895356123429,7.4336669053315925,37.57050001264574,54.49050304762386
8229,16.917529181426683,7.046925406674313,53.15425047459152,38.46331105770813
8232,16.089303069396998,6.824614195929549,45.36191199962777,44.16458582130062
8233,16.429104808269095,7.2570669708404845,49.74192057316744,42.21331997996995
8237,15.820950200522756,6.978322424060351,44.89812982524597,45.55868335237883
8238,13.830794441072376,7.056210885977663,34.28437332867637,56.796079415841696
8241,15.979544922203383,6.8116167501065235,45.45734624053445,44.32715538908077
8243,13.900132061291814,6.780977882015823,34.126338357420536,56.145788936675835
8253,13.556195219617871,6.642779467939781,31.658881519523085,58.557640197166386
8259,13.452544358672426,6.570612159472251,30.968252174895493,59.51304937295221
8260,14.676067243670687,7.01111523474397,39.251633101538275,51.781610925474375
8261,16.05700386329481,7.216362291113476,47.63583130530458,43.93782576668811
8262,16.273331255481903,7.029761640604004,48.143300998031904,43.21608040201005
8264,14.231855574319578,6.760894855098328,34.81314660937244,55.810100696331965
8271,15.9623367563222,7.488248322190624,46.05204887071144,46.167973532706384
8272,15.252082943421646,7.067237486212222,40.65474268741525,49.49699748175889
8278,12.931895160164256,6.355683344262478,26.739494981408125,63.482149366904025
8280,16.60512638340827,7.035049254958339,49.532154116917155,40.80451765659226
8298,14.187757713247546,7.268193366683618,35.88106813217784,55.6908335094765
8308,13.13064170301837,6.8877702478197005,30.9412383892121,60.93369937838722
8309,17.81464814283238,5.444561211135959,55.96159485891339,28.45448633761332
831,15.570411172057996,6.611747150183756,41.75692972926459,46.51227828631049
8313,12.87967313627983,7.364238315750399,29.740850989318858,64.0243139805388
8314,16.8713084266795,6.701176047974634,51.673818778224636,38.575344312386264
8315,17.36288489932472,6.915530981246646,54.70519634887528,36.75233802058804
8319,10.909782276911205,6.858392987246014,21.809511629181664,71.3152942466154
832,15.19274192443427,6.5754478700151795,39.44719367254578,48.55982743306687
8323,14.423974230602742,7.333173214323318,38.56956237753103,53.20460483344219
8326,12.040189947826445,6.713611041926676,24.354857114911237,68.41530410967836
8333,16.848912988999466,7.08917225582731,52.25398914295114,39.33607501233756
8337,16.888732629311594,6.736173150147308,50.530251663825055,39.36896431416177
8341,15.825990896051273,7.278264714866384,47.13563336107022,44.419552369369946
8344,15.310290504385367,7.457172328530533,42.37741489564954,48.763191314804615
8346,12.89102557554031,6.927074797519401,28.86280894557131,62.67892273251475
8348,14.474170803917396,6.07174834301774,31.660879494768242,55.123394933699984
8349,14.015499208425604,6.894432880092619,34.43176886353773,55.74637815942298
8352,16.149629964158322,6.8146648628853645,46.308961825818685,43.166189644277594
8355,17.116265176015812,7.326507527079558,54.46828214230591,37.997486384583155
8356,16.78642589310482,7.416049587305059,52.4309869238382,40.00758038365164
8361,16.235190935472364,6.811823847115865,47.107596760252264,42.611326311745685
8364,16.723253630012103,6.799736905096828,50.12420545042742,39.80236720976109
8367,16.355261226815713,7.251358178208428,48.3177203393987,43.65589288341753
8368,16.76094334085308,6.830135312049347,50.59672100030844,39.64220466462619
8371,16.69747780590999,7.308470166731282,50.82878161209863,41.4485523947842
8372,15.596177614562887,6.819569517546065,42.737457699510465,46.788448270197456
8375,17.462342629120712,7.264557092742616,56.77670145096245,36.00174614393215
8376,16.85258315985615,6.868767506048129,51.04872464907615,39.495409661679346
8379,16.7365079594377,7.2208636547609295,51.38357281797076,40.67578590700885
8380,16.868766199928256,6.793203160129973,51.6004282374533,38.713976709126264
8383,15.951149100268106,7.585587543659433,46.79789383456806,46.12134941529419
8393,11.25777741286693,6.615975832720298,21.662445730824892,71.10769416304872
8397,13.47743705326142,7.398807489527138,34.5674102462128,57.58161900285621
8400,14.52684770175072,6.984507245907808,36.82718778394066,53.43712282509934
8408,17.205401845287337,6.601973195349871,54.913034008525464,35.747845296991194
8410,12.620079889915926,6.813217024513165,26.90213001638474,65.76858283525257
8412,17.011731709294693,6.74584263404691,52.503185254395646,37.51974857725304
8413,10.20972668562446,6.100480151566501,16.115336528443425,78.17774536361742
8414,10.366743727833704,6.110264808288658,16.52316824882871,78.07049819707116
8416,17.81647037347673,6.352778520835222,55.50604790494531,33.29053858450075
8420,17.063772250208284,6.854001303468778,52.363585025530014,38.25737076166498
8424,14.568510909355433,7.632629896644259,40.830092445011154,52.522792476888746
8428,17.045607225309773,6.717808291312893,51.790450094895746,37.31853546335516
8432,18.301274132618833,6.306108588426125,59.49162116362267,29.683047762505492
8436,17.643011057016025,6.515270274671574,55.21297920320721,33.955149085442244
8440,15.564927191122385,7.295860789054158,43.89162623972438,48.02467415673409
8443,17.4102841664862,6.882396795054181,54.89944751381215,36.29171270718232
8447,17.222122908089,6.8139763587868964,53.460467582976094,37.51712555796173
8460,13.515539030276855,6.582614337673478,29.856309226573796,60.35444203800574
8463,17.415339927063282,6.860469707218116,55.30914242984769,36.154512180723366
8472,15.038310038582095,6.992962732784024,40.3446832105555,50.71346935080513
8476,15.333081860772968,7.27270705670993,45.385854837528385,46.09506603842679
8487,16.512458273926676,6.890508275611893,50.37765426820579,39.97577312241699
8489,13.487816890495916,6.283781954910541,28.876404494382022,60.1123595505618
8490,13.509881608627964,6.528138072532553,30.246181978260132,59.71916517106317
8495,12.013917562443698,6.127185472522486,21.723744626093062,69.59026701371626
8500,16.320081173873653,7.201690338247628,48.87505865500976,42.25012965844262
8504,13.512952221204893,7.335211691115801,34.37710329797122,57.765776737925066
8505,14.79383245746182,7.013705581822918,39.15941094270665,51.74828396369835
8514,14.22219256667331,7.022715858739694,37.072446555819475,54.06373713380839
8515,15.434061639908405,7.374770736682811,44.28736180704685,47.59007396802672
8517,16.3700636666696,6.988301059749482,47.26416897639301,42.784096339481984
8518,16.53491484051874,7.125859047358941,49.61206930922023,41.833520720203495
8520,15.451881101561845,7.419054889433157,43.38216286083585,48.62702857963521
8521,14.436942647245663,7.534590039350561,38.244816323006745,54.343352950487066
8523,14.968695092179686,8.164849438619079,44.62251803169122,49.05594697708096
8529,15.244003019975212,7.094348480564596,42.22484369470331,48.6941134835437
8530,18.453803827673315,6.572455159217225,61.31658460161146,30.234444941808412
8534,16.079172804216697,7.102358775016963,47.27611209092691,44.01920438957476
8535,15.45141892808673,7.291629792992068,44.19149517747667,47.47940177281424
8537,15.283237523121798,7.37402143199923,42.11857307686229,49.68467970095939
8547,15.0498556239879,7.085106091312572,40.95108945481291,50.19306794152799
8549,15.357392654509223,6.915107055108722,44.58909986197635,47.03435669787742
8555,11.748162427821576,6.45747985290192,22.136802680859454,69.14521667859773
8556,13.285887650323128,6.845927728228221,30.137071910674113,59.56274477126906
8562,16.03261727449944,6.950246466747947,48.14789525792906,42.0146119968591
8568,15.025692140941715,7.040376727701902,39.92318015641631,50.117235102657844
8569,15.090237285265832,6.6850832818668335,39.08383780027296,50.74225716510512
8572,14.213847276471851,6.867668973092383,34.74863912904259,55.94193617248372
8575,14.139972106915552,7.097576157826376,35.44995276625457,56.1886474719678
8576,14.020730579777377,7.100025739812381,34.71913808701373,57.21687638786085
8580,15.23768598546082,7.275497229776561,43.03345141334545,48.31297055573342
8582,12.239378418317,6.586355429930328,24.807314805248478,67.80969108378964
8591,13.657388147233172,7.140168165272801,33.20858429331618,58.28314133676393
860,14.102473866124518,6.98880724411927,35.929382335963055,54.260470784426914
8629,14.609190882624107,6.789213961920277,36.07682343243157,53.54302047982529
8630,15.652751727444752,7.470213723510363,46.0530232045417,46.25585625310037
8631,15.789552187982613,6.896106107199535,45.60594764309941,45.4379351261669
8632,17.24286137317127,6.745313066824916,54.337997120748604,36.91515206046428
8633,12.894354657400642,7.076278044235725,29.70655886247996,62.28828326479403
8634,12.659356607343744,6.99612944152466,27.982632901925754,63.541558468537715
8635,13.485206124832793,7.133821346755237,31.71315745252899,59.35977146698034
8638,13.38254137506855,6.994250007674086,32.02827577396414,59.56734659115105
8640,13.472610325166631,6.9528558738450865,32.148212152786606,59.26029462841071
8653,13.173982687113376,7.157951239784766,30.98528138528139,61.056277056277054
8654,12.844448679552142,7.089086245213418,29.21513129351486,62.109786583476236
8655,13.728783505337324,7.146609922747496,33.13154587348136,57.80687054880603
8658,13.485787381380378,6.9579287999894275,32.20815752461322,59.29693255642623
8659,13.389719044097241,7.012175947865324,32.2013254823563,59.38967333327734
8672,12.658000761058256,6.920121497564189,28.002092050209203,63.947001394700145
8673,12.718028105434412,7.096113753103666,28.300006229365227,63.24259224651675
8674,13.674271328192052,7.115753295957126,32.75132826336077,58.2123137826857
8677,13.345280882856816,7.011522491940808,32.03220963559438,59.53579227514672
8678,13.429113134937165,6.982677678136978,32.11702770346078,59.245706395097955
8691,11.219437360627174,6.061596317376215,18.425790800371473,74.6318442848208
8692,11.206426584047302,6.023409135355906,18.226479044880705,75.07664184930593
8697,17.51193252981292,6.703555043409583,55.2054956768921,35.720583784068324
87,14.836904144061444,7.066715905034668,40.26470380069361,50.82004130769082
8707,13.738369356837712,7.112207048464227,35.32127312019968,56.081005671614534
8710,13.142885201311161,6.939672352514045,31.876918824470135,59.90187464831834
8729,13.146076667912082,6.8959289946083135,30.019272944773046,61.324516514919914
8730,12.732570398344945,6.832244713506124,28.174113387640915,63.6649386982638
8732,12.131429435954109,6.643796852842314,24.39275179098188,67.0543615676359
8734,14.394959211529681,7.098603570110469,37.999881275105366,52.41110473514454
8736,13.343166949309522,7.038655600534797,34.73190822720841,56.462249848392965
8750,14.036973958987048,7.676886239192133,37.41640477218904,55.71873277826599
8751,15.2628198022693,7.065079427881444,41.75144803577324,48.167822094174845
8754,17.22319080263046,6.422527859983979,52.13305864026934,37.06597658409125
8756,15.966684774247382,7.4066836590631775,47.131749356057874,45.23001372138369
8757,14.67309518497487,7.032353916464274,37.84697252984323,53.0058967352222
8762,14.19115601817281,6.870591565052054,34.24050295700357,56.75422238798018
8763,13.876227741546884,7.073163286724044,33.88929252087479,57.71551315664782
8766,15.31815900437339,7.1405228554872835,41.511080634604,49.989090795748524
8774,14.490540554074082,7.002125125384212,36.79965943759903,54.46160395430788
8782,13.397337480981395,6.656189991971751,31.41449408928983,58.621484146535984
8785,13.489660059251138,6.795260456282299,32.058629246782,58.124006926963375
8786,13.986018433964523,6.008533758572921,28.53475686240191,59.63653335666987
8787,12.97130106203481,6.55317929817783,27.87785972406937,62.104541973965254
8790,12.238752086277593,6.706236924279123,24.745248589980566,66.4454871478901
8791,13.378603345014222,6.457032284881439,27.97373644831272,63.602585636483944
8792,11.287229397142507,6.941522253741208,23.762194918922518,70.04794725801618
8796,13.12112366142855,6.312809474978132,27.573946360153258,62.70344827586207
88,16.070848536743156,6.94649176538359,46.44517091891124,43.966313694833346
8800,12.674458740560583,6.474785341036064,25.653546678083107,64.89042891927326
8821,13.623143595515055,6.912808276382949,31.844252039437464,58.95300535508733
8828,13.901471522158792,6.890442705373998,34.159717243374466,56.40416084927613
8847,17.348922237790468,6.688648631435663,54.860109311823145,35.86565617571165
8850,16.6664116952424,7.20723331324905,51.048568891317714,40.639973456422666
8851,17.923322402307342,6.617772872796298,59.7036110008852,31.745062727022983
8853,17.718281926063586,6.5225822296145335,57.79958836359168,33.19048935581974
8857,18.227064121665464,6.4751654850289135,61.25791758047943,30.044629848319865
8859,18.238068308673814,6.483549211692138,61.33013688036502,29.937359832959554
8860,17.913420717374358,6.799826537717661,57.587374484315404,33.889234840818865
8861,17.950613065416167,6.758537782988473,57.55406907580397,33.92359147376017
8863,15.00571106379543,7.1549455739792425,40.40390806318784,50.701879164483046
8864,14.58593090901763,7.3254225289938715,38.61806881575499,53.21801639896664
8866,15.518760062492763,6.5606464871675225,40.64272652997705,47.767964829008285
8867,14.807126149214975,6.806794658167062,37.84590427291197,51.196982344510424
8877,14.281809855757936,6.560916469969335,33.48711138035213,53.985414385237306
8881,14.778679801366438,6.813028118250133,37.694400327080025,51.48050886103817
8911,14.318167110712777,6.9471395079539935,36.65311888468174,53.584372575583885
8927,14.508928981070158,7.021007220640312,38.67708995549904,51.55852670057216
8953,13.653909260058327,6.763302300269927,31.78777449221969,59.44059333947356
8970,7.9892767468322585,4.837066389149215,7.424817227611073,88.84563060621812
8971,8.006959732375728,4.833553826636369,7.394894477723075,88.84097753970282
8974,13.367377824297593,6.967877685998902,30.10056088413926,60.748066775082144
8975,15.496813494420959,6.827692353978676,41.32524060226015,46.4545119211294
8981,17.34674631357019,6.091540268737414,53.327271975864775,33.25370913749639
8986,13.143897334723865,7.294590444658278,31.59384220139293,60.96581899925737
8995,16.573618679253453,6.636228660244686,49.694839431219044,40.78606806199073
8997,12.876864567781599,6.592642608914201,26.859375633762827,64.10232143098577
9001,12.752856449346286,6.693344907795428,26.935392014174525,64.83579067265708
9004,12.720326044726443,6.7135796268579435,26.952803815161978,64.9463018481272
9008,12.757469289667943,6.700296574184904,26.989457736254025,64.77116343665172
9025,12.613783498120487,7.158395982771691,27.886037216520503,64.88148397581367
9027,12.764111020919614,7.144084931532265,28.575271481360875,64.40656369016438
9030,12.704139121527863,7.169660660714374,28.418551018112275,64.10872989087636
9035,12.765154045212048,7.1399438858454864,28.68843215202007,64.28289492232653
9037,14.296315862679037,6.859527380158895,36.28213886991152,53.19180844150434
9040,15.157162311857423,6.68718259484675,39.74346941967777,49.41185671828563
9044,15.344202763436057,6.733985224371189,41.2847168877281,47.904610709957154
9045,15.289209630827894,7.012042869817808,41.84739095624326,48.85125491697706
9046,16.06259429864526,6.977385016341318,46.16924293139119,44.67730812574639
9050,14.534671814067378,6.921622546304465,37.36269475150144,52.90103577334841
9051,16.168502921339567,6.726338864397318,46.559128876263905,43.123330289810966
9056,13.434179588592414,6.267108819486829,28.907765988192065,59.226497667313495
9068,13.590161855033319,5.790213516360355,26.19416606398733,62.4444674036574
9069,14.906413845076754,6.971446561496974,39.70439798125451,50.55335255948089
9074,15.3837263921408,6.573614859496159,40.117218363424094,48.96166228375335
9075,15.426127298364731,6.594777195381484,40.40975586754842,48.865391189541555
9076,15.517832648986019,6.689777206560755,41.37481993661769,48.164794007490634
9077,15.435993329569007,6.612076530004408,40.41708394698085,48.748159057437405
9078,15.40650875562929,6.841237829422818,41.10514002455352,48.64144912093767
9080,15.920322644441633,6.911738186377288,44.37725048471979,45.7425445480565
9081,15.65508367789867,6.840414925461685,42.51054730393574,47.39756111656938
9082,15.538167055586145,6.800308010318547,41.86465748359065,47.73157992049551
9083,15.563946225653753,6.754575178738757,40.964358157055926,48.67226890756303
9084,15.578593823382011,6.698721515399706,41.21371251903885,48.21205301325332
9102,13.245177504349263,7.682892540339866,33.58568875737371,59.044123769447054
9104,12.465971853605765,7.799839701759631,31.255976949796704,61.91287072513126
9105,13.408236751370124,6.916981978965954,31.6057293629853,59.13208418953588
9116,17.337116727673944,6.57172842174319,53.09275103007699,36.3494323551277
9117,15.696768111637438,6.978829697479535,44.650314253174166,46.19205298013245
9119,15.784472414497616,6.860471429483934,44.509741634900465,45.247776365946635
9125,14.263451449532932,7.112175351802817,35.883924413617315,56.095438837283396
9126,13.974626273900057,6.850454986610773,33.80360404569123,56.99817344129114
9127,14.953053508907589,6.750864765661423,37.999531356509884,51.47196659850034
9128,14.755619531182287,6.875292900298408,37.50798722044728,52.186061623436395
9129,16.32755770836404,6.826191808690182,47.678477919357654,42.77142607784954
9130,13.838433295226238,7.678692896525538,37.57452508693147,55.62365091373482
9132,13.261415051913717,6.883702910575464,30.393954271722173,59.963830038469425
9142,15.557892923194585,7.2485148366628875,43.07418174997655,48.655787927099944
9149,16.467504760967195,7.111427315675014,48.83676988119701,42.31913838305108
9150,17.12113605380358,7.098993611941637,53.0397946947878,38.881355552318084
9175,15.746774115635022,6.7664544689513395,43.58114883254548,46.25698324022346
9196,16.634111057044684,6.948577766336187,49.96762134636329,40.82948223589321
9200,13.578459695693526,6.661399304462926,30.571698387331104,60.43513003050995
9201,13.629238921191396,6.665489513458539,30.811380151009494,60.09017964922246
9204,13.950298320117312,6.704563419648005,32.92848649566842,58.13293212647722
9205,13.699803855355174,6.641528768826786,31.05848760515852,59.72531945771831
9208,15.863481472375518,7.602261284202993,47.81049406730208,44.273973935032096
9209,15.887365128516965,7.090737263925241,45.77612119754719,45.3228327521943
9210,15.79781475901378,6.912787060464849,44.01775880275693,45.862902951095165
9211,13.854816164546445,6.833707654333047,33.02103250478011,58.261950286806886
9212,15.732265002051815,7.670986431679913,47.448805460750854,44.87567040468065
9214,14.112589605858645,6.883304423741424,34.44817293609448,56.851257902445354
9220,16.284630751037145,7.218132534121719,48.037817693791716,43.702443291433504
9221,15.870198761902016,7.1449364999131655,45.61934566145092,44.95931721194879
9222,12.537195122893783,7.537768160008076,30.139965763770014,63.41355351928305
9223,12.591841375484035,7.575175720566938,30.421377183967113,63.317413296253754
9226,15.014653936939219,7.284730622029877,41.243228096394546,50.71221744815991
9227,14.59184714599735,7.455620210954601,39.870944729972926,52.217124142739024
9239,16.828800487164827,6.7486920772328425,50.51603561415941,39.536030068702054
9243,15.575283532660569,6.7976935156926155,43.725330216763325,46.561114908818276
9244,12.722947431947727,7.537381373213932,31.138058833563353,61.113092561291424
9250,13.637142740502876,6.7129943058875545,30.58894303074054,60.06737652649943
9256,15.433142650749643,7.050940134243697,41.94310083288016,49.085549099859755
9259,14.154047241008394,6.7430146019368795,33.318319864106655,56.77793792144953
9260,15.114959545569853,7.13872069704576,41.487396273680915,49.53655863472679
9261,15.463794417349467,6.9219497881982095,42.97480082994124,47.39059505519742
9263,15.697575028062253,6.952831147766311,44.252293577981646,46.079510703363916
9264,14.868846482542546,6.889423199761865,37.666141022752875,51.43754223924307
9265,15.250496613152231,7.249865886305281,42.17664125227717,49.18561500573511
9268,16.191639380425904,7.061657456715526,46.9979381443299,43.09415807560137
9269,14.663789995477272,6.998684609201296,36.72199961839343,53.15302423201679
9270,15.618875710619283,6.5622806507282165,41.41970406286574,48.66661093462631
9271,16.532296591580064,6.754158719086851,49.35030495889684,39.97957119145133
9278,14.56723062962311,6.357542212745978,35.37311624525858,53.45343386238455
9282,15.550165431922789,6.774239860565587,43.25665658769345,46.06728671489264
9283,14.037558510120242,6.751860090923382,33.18178940036725,55.36883429367442
9284,14.858871823734171,7.023180346763405,39.37784164526844,50.93406205093171
9285,14.353114858346641,6.39681417718801,32.82947106652201,54.287908524618146
9286,14.591310559895962,7.285289559270107,38.64470357987442,52.66519883660877
9290,12.405943742083176,6.900058353650379,27.37147890044347,64.90721139731446
9292,12.163667202089016,6.774760306258196,25.96523301933565,66.28191621219634
9293,13.408046383561645,7.127511046571215,33.46487990460508,58.11140764295043
9300,14.842505473761591,7.439552509807654,40.45497543559855,51.59134600714046
9309,14.018242359604349,6.826951189050651,33.81790024252695,57.099026970166264
9340,10.818294842944592,6.1459170313410585,18.152192458624807,74.434396860604
9350,12.411529215956056,7.482560001988112,30.184820144951164,62.91591943205229
9353,15.204187118316613,7.012150962543186,40.694379991695776,50.55809295850329
9360,13.470610767004304,6.493694971467234,29.96303121172929,60.6585709217017
9368,14.273846994377672,7.739857119347738,38.903402280480684,53.11798875126779
9373,12.240154914682632,6.9510848451953775,26.686403372806744,66.0750821501643
9374,16.28351621573877,7.576140180325706,50.0764675257061,40.72139789144865
9376,12.62272744041815,6.710370815047399,26.08619430241052,65.30898466033601
9377,13.006990003902652,6.665005873381777,27.265625,64.39002403846153
9378,12.958615927794115,6.792530867911581,28.270265228071267,63.33447343055253
9382,13.898764899336806,6.489197913528358,32.11772901428074,57.492163009404386
9383,10.7628939981166,6.218902099824321,18.08609476618148,74.30370599772893
9384,10.53298301454754,6.339442837122737,17.709260217278842,75.59441282979824
9385,12.3176783236825,6.599286596918033,25.25354760085101,66.20122694317642
9389,14.874667024418088,6.9071997391969955,38.39567492709429,51.79168275696765
9391,14.331516499759974,6.660752999375003,36.092202590126064,53.775833681468555
9394,15.38451080912033,6.645448427771858,42.07571266777513,46.826429552519336
9395,15.21215633226272,6.6505409239834465,40.378679744781564,48.669619002305744
9396,15.787368784841338,6.776242766079285,44.73282053894351,45.586911857096766
9404,16.945113319645696,6.963826749489832,52.432681367502845,38.44882700330498
9408,12.656744289749538,6.578495699545122,26.952560456613096,64.19623174313516
9417,15.078695112374625,7.322369910981194,41.987783481707716,49.233218532718176
9420,12.582401074483334,6.624497208779094,26.78683658050626,64.45716272414853
9421,15.857883322202978,7.649414420305731,48.063731788799494,42.76197442030561
9422,15.406278480201362,7.460710976685676,44.22719092212427,46.00555165787146
9424,13.540796303328676,7.150529548736305,32.698223677681845,59.00565644537065
9425,12.041319146534223,6.2310290385256115,22.013792393597857,69.60655653337452
9442,13.527669032102231,6.864288660571395,31.45988850042521,59.76566191061136
9464,14.79616122708819,7.10692207938755,40.98027018101668,49.96736016711594
9465,14.013258212662636,6.624043599183175,34.3399887579022,56.13502837474687
9467,16.274113104368073,6.70749632792491,48.20122517170967,41.372192314832
9468,12.564993922129744,6.75951230698944,26.946706185625548,64.86105906267389
9472,16.375520520435618,6.809551193692958,48.81956996640016,40.35196664411892
9475,15.338295035138744,7.164764675772769,43.083507514681,44.61431273016821
9478,16.48442665858166,7.080929673553693,49.62487134017039,41.2281898337033
9481,13.033947165069415,6.700517207741112,29.246533107673738,61.86090447514464
9492,14.289930447053154,6.59472924205768,35.344244813238504,52.340826644577106
9498,12.837138846986631,6.705546736584636,28.001578220556322,63.21496679160913
9508,13.158757035876725,6.620201224720191,28.39407744874715,63.17894203998987
9514,12.903068876381234,7.038831279201716,29.40136242715013,61.99504851532346
9517,14.778973580640042,6.457787246353578,36.18320610687023,52.900763358778626
9518,12.755634353010274,6.377327133321989,24.409725710840952,66.43976690445092
9519,13.677241481679497,7.281539630655263,34.48220782678143,55.46543615227616
9520,16.374697368732587,6.5450609878662345,47.43805801570512,41.464376635949655
9522,12.16127771098597,6.742581493981857,25.39178412462908,65.36535608308606
9523,14.449008130044483,6.7907498855401975,36.64375609529559,52.49616867134166
9525,15.429659546220304,7.030697643112233,42.62410001022301,48.156207556263055
9530,17.168450747088304,6.880729744704119,52.78795890164033,38.26533677822508
9531,17.48377023944707,6.79263762964882,54.98403422099049,35.9968068441981
9533,14.64265368679202,6.894906292453867,37.920371680871355,51.97993907879758
9534,16.111268263521467,6.982307013402666,45.66472160285909,44.70167781520312
9535,15.120869870101506,7.069487209845463,41.594437002600266,48.9185249389331
9537,13.48760319179919,6.971389902387285,32.13007572811695,59.60771649080257
9538,15.086708544865267,7.027198808203532,41.46537365118866,48.95946488646613
9541,13.907215725479789,7.029813364761373,34.20551981080974,56.75773870077023
9542,10.557393915525832,5.991666411071555,15.937234832414084,76.75010606703437
9545,17.04774618851051,6.942213535656134,52.89605426064489,37.97975991817839
9548,10.807989273710767,6.571969247557402,18.726557851987895,76.56949222690706
9549,14.152763988957732,6.91571565561186,34.19410467927749,56.70512729341488
9562,16.4186658440097,7.062065263802484,49.203475365485666,42.09146246293117
9564,16.302510186149526,7.22280608307585,48.94191552201022,42.829684496741834
9566,16.164549931789615,7.139504587829797,47.6875542169849,43.702057565036014
9573,14.85325674335744,7.501953669344545,41.534056236210866,50.03755339623527
9585,14.875893175161256,7.3620678023677755,40.79392893374264,51.00525684773587
9586,15.164542666272432,7.043312117426389,41.67760044387872,48.85538039753256
9597,15.758449156033945,7.157238186627739,45.967022355860315,44.98918264823439
9600,14.928006880970859,7.317014551061771,40.85387977953246,51.072101180088815
9601,14.855350652861299,7.046226901617846,39.42828979793001,51.29957718347124
9612,14.437163915613976,7.379900022226672,38.97243543796407,53.08178901732092
9615,15.381355050379398,7.090873590509277,43.63747180227263,47.11017079766292
9616,16.5160851734347,7.095176874854685,50.08938393839384,39.52970297029703
9618,17.178656946795964,6.860000676103499,53.65600011242745,37.35964135643717
9621,17.610796432118743,6.656835308409387,55.91854111970483,34.659760164620735
9623,13.923938711207606,6.754671746711299,32.79714482145024,56.932705140130224
9626,14.24397665885702,6.6337189072261955,36.68182802685727,53.20879358891055
9638,16.228745598025483,6.935968668297407,46.478754833905796,43.69970936516705
9644,15.452382221057686,7.376092435526142,43.897085282475715,47.60345448002879
9648,14.456587460332011,7.266767558287803,37.95908144164096,53.37868122017454
9650,13.963067168440809,7.547413672362047,35.542278628880155,57.21273773743323
9651,16.248864230522496,7.374085002756404,48.933783513627574,42.795264221773024
9654,16.260989273918643,7.085361215712461,46.99391938146821,44.189854897381174
9655,16.310852309914658,6.991805086865644,47.40800275561169,43.391698719788735
9667,16.0049806720775,6.935787827146692,44.6172633202648,45.694453371039266
9668,15.297609597135743,7.138616095408429,42.00543421465148,48.527798098024874
9669,14.59012580448693,7.069991520622509,38.011029852535664,53.046697038724375
9671,15.995002759607837,6.963429409933063,44.73680541030468,45.85930419019731
9672,15.398750607279116,7.086069931174381,42.332310722266406,48.105644560592864
9673,14.53189820363007,7.094150601163836,37.802235224915634,53.28318008730379
9678,14.532594653044344,7.217221172364802,38.361216265722305,53.22994260593479
9682,15.309318815283058,7.018414617318677,41.08428140236824,49.864008756509335
9688,15.164472944227803,7.417213304588659,42.58605360091452,49.59354756763623
9691,15.588185469823765,6.8051933562801326,41.96182433611334,46.98502983564225
972,16.475707054290993,6.2030951972310335,46.71373300760932,39.3826049349526
9720,14.900744878185728,7.367189024484147,40.96135707944962,50.35161451398136
9729,14.528401003495595,6.403187482945741,34.89841694344994,51.74481300953284
973,16.813515986414984,6.148796424061914,49.139057734995745,36.89293197518826
974,15.521571113999938,6.317507358946862,40.06526057911044,46.00973761953288
9747,15.872909413580377,6.9735452772033915,45.147445659698185,45.212515575245746
9748,16.052262822379145,6.904352959429175,46.272274091822965,43.99184775124625
9753,16.107916840875962,7.212324681633572,47.358480480373466,44.236765675391545
9756,16.03370382047139,6.934883135241622,45.748536967188144,44.815558053772364
9759,14.283300988719619,7.264005172512784,36.39264644074656,55.195280272723025
976,12.977267246256886,7.102591210965555,30.457329986260472,62.047912728174296
9762,13.38395596069976,7.055447940489813,30.643376304848502,60.942781084557176
9764,15.985839551948379,6.8105307632736025,43.54362416107382,46.43469282395457
9765,14.389904794736761,7.411307860527336,37.36799350121852,55.221982834740224
9767,12.045170691878281,6.425379913107341,21.925433557634445,70.23360140051426
9768,14.370177664256893,7.217380083658809,36.350928470446206,54.61375947135164
9769,13.406110645141515,7.058442023355826,30.62700964630225,61.19638415337014
9770,15.864667650562486,6.832317108080121,43.36762850835699,46.558656575212865
9771,11.639172966275307,6.5668681889879705,22.145188353954236,70.80006638024818
9772,11.606687942594645,6.790741648594702,23.323644200555993,69.37600173861074
9774,13.118690502860803,6.744452858962554,29.003890534924885,62.6385588928541
9775,11.200849369729275,6.872532380991699,22.46333336410039,71.53247616322537
9777,12.572209094860574,6.903556934033946,27.058782102446123,65.57702239541763
9778,12.536404350805684,6.925464468808101,26.78921680426949,65.52137025042192
978,11.31301642469685,6.851738284536507,22.622786205810254,70.39644020909833
9780,14.408359179107057,7.453204074831645,37.788871365076055,54.616076432788944
9783,14.143454331667034,6.953214614437097,35.23059585455272,55.75241437354674
9786,15.817280019884233,7.095685419679297,45.4469925942903,45.31807308303849
9789,13.182804277708536,7.345778369753685,32.939722641768505,59.154499824553376
9792,13.134639604372559,7.79310497981526,33.7362439112394,59.65933008599434
9795,12.313646516717977,6.396783465107584,23.87565493465262,66.44299877291054
9813,13.773991505655658,7.1581934476180935,35.152851804202655,56.42957789622006
982,15.06829613485284,6.777162740335074,40.109195754861666,49.266916140114105
983,15.110920334642392,6.77288051945664,40.38088735536888,48.991087430961116
9831,11.553884489357102,6.69261793207888,22.527825078354432,70.67199723600109
9833,12.501157575547827,6.959708607993686,28.330171285038613,64.56323651230527
9834,12.292259429155905,6.735707779926155,25.81056598304225,66.0410174650337
9835,11.40482703423832,6.086091892968109,18.944793927442188,70.83695975498243
9839,12.44331495555083,7.177298902311254,29.200060815360224,62.800547338242
9847,14.819239455874529,6.93078805553422,38.21874049285062,51.14737711330349
9848,13.749983102126114,6.596814367902339,32.502872218203485,56.426322284158125
986,15.0869872789297,6.775065095826821,40.24921811510331,49.123303863865836
9860,10.521234533454203,5.642420397865501,14.716764756794184,78.04656396053315
9867,11.131128726528702,6.510043264484765,20.64575019601877,72.59482042340053
987,15.078886586801977,6.776202367432302,40.16864321112453,49.15555117236619
9873,12.986857452713322,6.197303388337707,25.606337599024986,64.0661182205972
9875,13.025002760356161,6.226018400686353,25.975431323538377,63.3969395842224
9884,17.763208425451616,6.583922792923395,57.33854528348379,33.60251786474318
9892,13.373671103714722,6.007374986496503,26.50066534205873,62.214039628866736
9893,13.515293901803558,6.0227565629249655,27.282602691804907,61.41623552372361
990,11.55034382868853,6.582108548757877,22.91949417264482,69.77315323466684
9901,14.442335546265728,6.410440115998655,34.274001644096394,52.524553281702936
9910,17.94963269715717,6.6907570693967005,57.127680014466705,33.92330383480826
9917,13.404237459247254,6.336026289096696,28.618868827691436,60.36409328207506
9924,13.419561500099965,6.338450962558175,28.64287847118543,60.40459838757838
993,8.302410253321115,5.608157825474166,10.61814376443418,85.4575635103926
9937,17.890926023789444,6.899166964355232,58.55087120493858,33.402861176074
994,15.269559058494547,6.661457297409803,40.039760738015104,48.443576373750936
9940,9.717768801349852,5.870619231583695,14.143075745983166,79.81637337413925
9942,15.36234368711533,7.135983128423286,42.47626207779913,48.6759669200568
9943,15.207616350321777,7.244316208665303,42.12767734123836,49.02509289800008
995,17.68690345416162,6.475151014498484,56.2127821631353,33.65357983658773
996,13.801259015410189,6.962392330988243,33.51561696437755,58.04505091370385
9979,14.366915529206631,7.377461462879691,39.17435986761888,52.47285606456482
9983,15.62146007692617,7.409829267049135,44.958545371376296,46.07696266224484
9987,14.514118839564201,7.174865826975044,37.849361037050656,53.426955962121916
9991,12.603472964683275,7.079436251456266,28.785906851352607,63.057776331690995
# Total runtime: 2290.623 seconds
# Backend: cuda
# Max iterations: 20000
# Adaptive blocks: large=2500 medium=1250 small=625 near=312
# Buildings: 4571
